canonical,construct_position,receiver,receiver_CA_distance_A,structural_candidate,degree,negative_distance,gaussian,harmonic,ohm_seed11,ohm_seed29,ohm_seed47,ohm,mutation_count,outcome,folding,weighted_binding_magnitude,weighted_folding_magnitude,eligible,exclusion,fold,geometry_prediction,geometry_gaussian_prediction,geometry_harmonic_prediction,geometry_harmonic_gaussian_prediction,test_outcome_train_percentile,geometry_squared_error,geometry_gaussian_squared_error,geometry_harmonic_squared_error,geometry_harmonic_gaussian_squared_error,sequence_block10
159,1,False,10.653645479365268,True,12,-10.653645479365268,0.0020427338903891,0.0053914014837368,0.880068,0.880068,0.880068,0.880068,12,0.1199362406764499,0.113343669716145,0.0550749283263133,0.0867242731779861,True,,0,0.38951327701014854,0.39149358505008536,0.41369146521290145,0.3789352414582448,0.058823529411764705,0.1093557091666828,0.11066936591840335,0.1259312518597597,0.10247150818932858,0
160,2,False,11.43838388934381,True,18,-11.43838388934381,0.0017674314666615,0.0028675743941314,1.0862,1.03459,1.01522,1.0453366666666666,14,0.3008089802559214,0.2965105829481643,0.0550645411241459,0.272870759204913,True,,0,0.5580902556680938,0.5078889852797935,0.5402379993366229,0.5051522780244737,0.47058823529411764,0.007656603569527735,0.0013913459494939004,0.004851089631176654,0.0011946730498658804,0
161,3,False,9.466790057881289,True,19,-9.466790057881289,0.0171699491811751,0.0230663459788978,1.07091,1.05414,1.04476,1.0566033333333331,14,0.6563193264796928,1.2818870357574406,0.1736487234219364,0.8103854265246976,True,,0,0.5747706845226823,0.5737184312360273,0.5868997678513697,0.5669144324950371,0.8823529411764706,0.09460684460823686,0.09525526072617758,0.08729257762787211,0.09950145275916675,0
162,4,False,8.546123214651189,True,18,-8.546123214651189,0.0227523994108823,0.0293034599169415,1.12499,1.12499,1.11397,1.1213166666666667,14,0.3468355305232671,0.8467248524000847,0.083503413531513,0.4900492563895538,True,,0,0.5439591711201414,0.5248778263960634,0.5322521465705702,0.5264931679343534,0.5294117647058824,0.00021162703338162392,2.0556596597244037e-05,8.067769137247482e-06,8.518207114779195e-06,0
178,20,False,6.000532476372409,True,17,-6.000532476372409,0.0430738654449893,0.0561945528714175,0.778513,0.769247,0.737692,0.7618173333333335,15,0.3415640232253319,0.8288343562084592,0.1031812776608344,0.6762450910791235,True,,1,0.4395771979650334,0.48792288692212094,0.460369181395192,0.4846879759467325,0.5555555555555556,0.01345097942939503,0.004574177866479974,0.00906044582579673,0.005022213839612874,1
180,22,False,7.878552658959639,True,15,-7.878552658959639,0.0230942786617939,0.0298753325176784,0.635357,0.635357,0.635357,0.635357,12,0.48202873059405,2.0496639791109748,0.4513183335253481,1.99377080548232,True,,1,0.4166208523536673,0.4316453652632526,0.42152296997383576,0.43209770386040147,0.6666666666666666,0.06252290925545094,0.05523501211335439,0.060095432028226654,0.05502259831200701,2
181,23,False,9.095971306023342,True,20,-9.095971306023342,0.0251990765587598,0.0310424394664813,0.989544,0.95531,1.00464,0.9831646666666666,13,0.5469753312711176,2.1361354614644883,0.1139104087110117,1.3622885048831292,True,,1,0.6292918388690648,0.6441061045883971,0.6378997068283542,0.6410241501852303,0.6666666666666666,0.0013968777529003895,0.0005089789612874522,0.0008275379783390818,0.0006575386515007343,2
182,24,False,10.851239284063364,True,22,-10.851239284063364,0.0031819415113462,0.0045803325145841,0.645702,0.645702,0.645702,0.645702,16,0.5880998426539401,0.6620725898197437,0.0679943743096932,0.4078014255090845,True,,2,0.5869980326890623,0.6423904585220501,0.6017561189265646,0.6433727723263281,0.9411764705882353,0.12544236587269836,0.08927308100641454,0.11520617512213223,0.08868704269846908,2
183,25,False,9.18958306997657,True,28,-9.18958306997657,0.0266118459276464,0.0345483066339243,0.914733,0.854041,0.88436,0.884378,14,0.6957455933853236,2.243357843349324,0.3073392803494361,1.4426682657592709,True,,2,0.6331655058599759,0.7506564254607647,0.6940445680862409,0.7360364576303006,1.0,0.13456754609096738,0.06217221816400318,0.09360872631753486,0.06967675170036011,2
184,26,False,8.204352503397205,True,19,-8.204352503397205,0.0179239904062958,0.0229016863699353,1.14432,1.0295,1.11516,1.096326666666667,17,0.2392783424131994,0.3957254405599694,0.0294915984568617,0.2722703405914011,True,,2,0.6094356335020932,0.5383882572289189,0.5579711837876233,0.555503109458185,0.29411764705882354,0.09942543257463797,0.0596681309928707,0.0696186888442961,0.06832235995372803,2
185,27,False,6.0790343805574905,True,22,-6.0790343805574905,0.0252269154065679,0.03301973718285,0.952314,0.952314,0.952314,0.952314,14,0.866637917108662,1.9959371473516028,0.2677068236676461,1.5524160455364944,True,,2,0.656555061396884,0.5694823441643351,0.6132971426587775,0.5792669635458556,1.0,0.1179544258520981,0.18534545198623603,0.14953909987586583,0.1770162879639244,2
197,39,False,7.081541922491175,True,23,-7.081541922491175,0.0263693533074778,0.0337684049757436,1.00968,1.01326,0.997559,1.006833,12,0.20338032189037,0.60331653198879,0.2089291870084362,0.4409726150956565,True,,3,0.869057727657392,0.8354371965758314,0.8389536918296348,0.8341969371007562,0.2,0.4476382429380728,0.4037804307921518,0.4082618203027199,0.4022057550279804,3
198,40,False,10.515622187963965,True,17,-10.515622187963965,0.0019716946748835,0.0026489087688181,1.03686,1.04383,1.09799,1.05956,10,0.27935023522512,1.240030162500087,0.2153193165124096,0.9231347811134688,True,,3,0.42028888900265593,0.38388556863098783,0.32059162710134137,0.3292114571274908,0.3333333333333333,0.007561268661760664,0.0025555284935894268,0.00016235107770238237,1.6989863456290845e-05,3
199,41,False,11.4883345181101,True,13,-11.4883345181101,0.0020538267606693,0.003642449359317,1.21227,1.20586,1.19719,1.2051066666666663,16,0.5605927842969,1.13849506918881,0.1530818445535168,0.4353907308108262,True,,3,0.24355464644914004,0.3153595868735616,0.2589998744718356,0.27918377204666345,0.7333333333333333,0.2398831621260046,0.17470205272961753,0.22499223019551212,0.20625182401687467,4
200,42,False,12.74834106854692,True,5,-12.74834106854692,0.0004528443371102,0.0013436182315086,1.2233,1.13038,1.23298,1.1955533333333332,14,0.2394909810998142,1.4636181577010434,0.0844076173655308,1.2392555651101382,True,,3,0.08589732269999573,0.0448092942715666,0.03335506747111605,0.030774301031945894,0.3333333333333333,0.06122457935814115,0.08324612111651589,0.0899869599897031,0.09154196802715199,4
201,43,False,9.287506554506436,True,12,-9.287506554506436,0.0121751611051907,0.0196290634521354,1.25313,1.2389,1.25594,1.2493233333333331,12,0.3631526766926125,0.4930500291569999,0.0928878700742665,0.3798574826056453,True,,3,0.2678420195159905,0.2693753709349319,0.26424616956429137,0.26548279576140854,0.5333333333333333,0.0704856377124588,0.0696738059135159,0.0724079017052672,0.07174391047756909,4
202,44,False,7.186368971880027,True,18,-7.186368971880027,0.0272571765671847,0.0359222206015138,1.31642,1.30421,1.31642,1.31235,14,0.1646990330815714,0.6294979518745716,0.100053822925174,0.5175663734834846,True,,3,0.5849215652598234,0.6370754449730305,0.6421848226121178,0.6473957698881091,0.13333333333333333,0.20393193121449343,0.25375611503922113,0.258929838141237,0.26426018867663287,4
211,53,False,7.104047156375019,True,16,-7.104047156375019,0.0297350261288131,0.0464065004781027,1.04602,1.02013,1.04833,1.03816,13,0.5482786528243431,0.4592356144142746,0.1671434185163271,0.1467092717456679,True,,4,0.3488118873088921,0.42703995200869554,0.4019348828777981,0.42602084269109586,0.7058823529411765,0.12749931742685638,0.07775308455779047,0.09238406455792832,0.078322464919456,5
212,54,False,10.507808905761468,True,13,-10.507808905761468,0.0019086343982456,0.003857310402919,1.02134,0.997014,1.03137,1.0165746666666666,13,0.2001068941578,0.1934990570145923,0.0720626180917616,0.177026744486679,True,,4,0.39687734423667514,0.32933598513538176,0.37476310479141395,0.3278148927317469,0.11764705882352941,0.07796955229190684,0.04481220152306485,0.0661086610941593,0.0441705184096721,5
213,55,False,13.137287619596368,True,11,-13.137287619596368,0.0012513249093028,0.002374780471177,1.0796,1.14717,1.06826,1.0983433333333334,14,0.2394347744050285,0.1638899602874185,0.2154169768191899,0.1615011282154654,True,,4,0.3970761135784207,0.4071264303002975,0.40153872371281635,0.4072343028236241,0.23529411764705882,0.026173414207535193,0.029526343671760366,0.027637269045958906,0.02956342727855156,5
214,56,False,16.30007098144054,True,6,-16.30007098144054,0.0004713371594588,0.0017111574868672,0.853261,1.21103,1.06658,1.0436236666666667,15,0.1128674003311799,0.335088849544226,0.1062365302848782,0.3048532208319458,True,,4,0.3970761135784207,0.4071264303002975,0.40153872371281635,0.4072343028236241,0.0,0.15766943997454286,0.16575193024906298,0.16123334664091746,0.16583977739624317,5
