model,time_over_tau,sender,receiver,reference_C,model_C,signed_difference,absolute_difference,empirical_reference_envelope,control_numerical_allowance,conditional_total_error,passes_0_002_observed,passes_0_002_with_empirical_envelope
Gaussian,0.0075,0,0,-0.007984193616994373,-0.016860274208576942,-0.008876080591582569,0.008876080591582569,6.7408901808353e-05,3.552713678800501e-15,0.008943489493394475,False,False
Gaussian,0.0075,0,1,-0.003686470537597686,-0.010195998734075118,-0.006509528196477432,0.006509528196477432,6.7408901808353e-05,3.552713678800501e-15,0.006576937098289338,False,False
Gaussian,0.0075,0,2,-0.004727478544044303,-0.010583300855874889,-0.005855822311830586,0.005855822311830586,6.7408901808353e-05,3.552713678800501e-15,0.005923231213642492,False,False
Gaussian,0.0075,1,0,-0.0036864705375975887,-0.010195998734075118,-0.006509528196477529,0.006509528196477529,6.7408901808353e-05,3.552713678800501e-15,0.006576937098289435,False,False
Gaussian,0.0075,1,1,-0.007726263135598599,-0.018783884731100375,-0.011057621595501776,0.011057621595501776,6.7408901808353e-05,3.552713678800501e-15,0.011125030497313683,False,False
Gaussian,0.0075,1,2,-0.003761869761439496,-0.009842724433044736,-0.00608085467160524,0.00608085467160524,6.7408901808353e-05,3.552713678800501e-15,0.006148263573417146,False,False
Gaussian,0.0075,2,0,-0.004727478544044372,-0.010583300855874889,-0.005855822311830516,0.005855822311830516,6.7408901808353e-05,3.552713678800501e-15,0.0059232312136424225,False,False
Gaussian,0.0075,2,1,-0.003761869761439496,-0.009842724433044792,-0.006080854671605296,0.006080854671605296,6.7408901808353e-05,3.552713678800501e-15,0.006148263573417202,False,False
Gaussian,0.0075,2,2,-0.007784909684477592,-0.018076323928649773,-0.010291414244172181,0.010291414244172181,6.7408901808353e-05,3.552713678800501e-15,0.010358823145984087,False,False
Gaussian,0.025,0,0,-0.02527497523612371,-0.05433198598396827,-0.02905701074784456,0.02905701074784456,0.0002082016519861076,3.552713678800501e-15,0.02926521239983422,False,False
Gaussian,0.025,0,1,-0.011586721126133626,-0.032799727871789974,-0.02121300674565635,0.02121300674565635,0.0002082016519861076,3.552713678800501e-15,0.02142120839764601,False,False
Gaussian,0.025,0,2,-0.014873802552912402,-0.03405499495631281,-0.01918119240340041,0.01918119240340041,0.0002082016519861076,3.552713678800501e-15,0.019389394055390072,False,False
Gaussian,0.025,1,0,-0.011586721126133487,-0.032799727871789974,-0.021213006745656487,0.021213006745656487,0.0002082016519861076,3.552713678800501e-15,0.02142120839764615,False,False
Gaussian,0.025,1,1,-0.024565136304858237,-0.06045718709304737,-0.035892050788189134,0.035892050788189134,0.0002082016519861076,3.552713678800501e-15,0.036100252440178796,False,False
Gaussian,0.025,1,2,-0.011887622499093864,-0.031648398844129455,-0.01976077634503559,0.01976077634503559,0.0002082016519861076,3.552713678800501e-15,0.019968977997025253,False,False
Gaussian,0.025,2,0,-0.014873802552912499,-0.03405499495631287,-0.01918119240340037,0.01918119240340037,0.0002082016519861076,3.552713678800501e-15,0.01938939405539003,False,False
Gaussian,0.025,2,1,-0.011887622499094086,-0.031648398844129455,-0.01976077634503537,0.01976077634503537,0.0002082016519861076,3.552713678800501e-15,0.01996897799702503,False,False
Gaussian,0.025,2,2,-0.024697035709684123,-0.058205672338273895,-0.03350863662858977,0.03350863662858977,0.0002082016519861076,3.552713678800501e-15,0.033716838280579434,False,False
Gaussian,0.075,0,0,-0.06601986325706322,-0.14842445383033398,-0.08240459057327076,0.08240459057327076,0.0004966479607951172,3.552713678800501e-15,0.08290123853406943,False,False
Gaussian,0.075,0,1,-0.029694916573798344,-0.08919774344217962,-0.05950282686838128,0.05950282686838128,0.0004966479607951172,3.552713678800501e-15,0.05999947482917995,False,False
Gaussian,0.075,0,2,-0.03821305747291659,-0.09268024438038913,-0.05446718690747254,0.05446718690747254,0.0004966479607951172,3.552713678800501e-15,0.054963834868271215,False,False
Gaussian,0.075,1,0,-0.029694916573798386,-0.08919774344217962,-0.05950282686838124,0.05950282686838124,0.0004966479607951172,3.552713678800501e-15,0.05999947482917991,False,False
Gaussian,0.075,1,1,-0.06496035828056645,-0.16462627602183222,-0.09966591774126576,0.09966591774126576,0.0004966479607951172,3.552713678800501e-15,0.10016256570206443,False,False
Gaussian,0.075,1,2,-0.030941658423807944,-0.08596002303282829,-0.05501836460902035,0.05501836460902035,0.0004966479607951172,3.552713678800501e-15,0.05551501256981902,False,False
Gaussian,0.075,2,0,-0.038213057472916576,-0.09268024438038913,-0.054467186907472556,0.054467186907472556,0.0004966479607951172,3.552713678800501e-15,0.05496383486827123,False,False
Gaussian,0.075,2,1,-0.03094165842380786,-0.08596002303282829,-0.05501836460902043,0.05501836460902043,0.0004966479607951172,3.552713678800501e-15,0.055515012569819104,False,False
Gaussian,0.075,2,2,-0.06491371287452677,-0.15868403445727153,-0.09377032158274476,0.09377032158274476,0.0004966479607951172,3.552713678800501e-15,0.09426696954354342,False,False
Gaussian,0.1,0,0,-0.08251480486296009,-0.18914919766509974,-0.10663439280213965,0.10663439280213965,0.0005929189686863295,3.552713678800501e-15,0.10722731177082953,False,False
Gaussian,0.1,0,1,-0.036791860861380754,-0.1134391699928427,-0.07664730913146195,0.07664730913146195,0.0005929189686863295,3.552713678800501e-15,0.07724022810015183,False,False
Gaussian,0.1,0,2,-0.04739180248458663,-0.11790932275737892,-0.07051752027279229,0.07051752027279229,0.0005929189686863295,3.552713678800501e-15,0.07111043924148217,False,False
Gaussian,0.1,1,0,-0.03679186086138096,-0.1134391699928427,-0.07664730913146174,0.07664730913146174,0.0005929189686863295,3.552713678800501e-15,0.07724022810015162,False,False
Gaussian,0.1,1,1,-0.08168569478900695,-0.2094876663498868,-0.12780197156087986,0.12780197156087986,0.0005929189686863295,3.552713678800501e-15,0.12839489052956973,False,False
Gaussian,0.1,1,2,-0.03863529401512261,-0.10925960508642926,-0.07062431107130665,0.07062431107130665,0.0005929189686863295,3.552713678800501e-15,0.07121723003999653,False,False
Gaussian,0.1,2,0,-0.047391802484586756,-0.11790932275737886,-0.07051752027279211,0.07051752027279211,0.0005929189686863295,3.552713678800501e-15,0.07111043924148198,False,False
Gaussian,0.1,2,1,-0.03863529401512267,-0.10925960508642926,-0.0706243110713066,0.0706243110713066,0.0005929189686863295,3.552713678800501e-15,0.07121723003999647,False,False
Gaussian,0.1,2,2,-0.08138931417387621,-0.20203772153947852,-0.12064840736560231,0.12064840736560231,0.0005929189686863295,3.552713678800501e-15,0.12124132633429219,False,False
Gaussian,0.25,0,0,-0.147467647322563,-0.3680460982195417,-0.2205784508969787,0.2205784508969787,0.0008380121205711653,3.552713678800501e-15,0.2214164630175534,False,False
Gaussian,0.25,0,1,-0.06305536980940482,-0.21859043616037416,-0.15553506635096934,0.15553506635096934,0.0008380121205711653,3.552713678800501e-15,0.15637307847154405,False,False
Gaussian,0.25,0,2,-0.08140724346285722,-0.2276184499363738,-0.1462112064735166,0.1462112064735166,0.0008380121205711653,3.552713678800501e-15,0.1470492185940913,False,False
Gaussian,0.25,1,0,-0.06305536980940489,-0.21859043616037416,-0.15553506635096925,0.15553506635096925,0.0008380121205711653,3.552713678800501e-15,0.15637307847154397,False,False
Gaussian,0.25,1,1,-0.1512106160661061,-0.4047318940705908,-0.25352127800448465,0.25352127800448465,0.0008380121205711653,3.552713678800501e-15,0.25435929012505937,False,False
Gaussian,0.25,1,2,-0.06931868000231016,-0.20995949819558624,-0.14064081819327606,0.14064081819327606,0.0008380121205711653,3.552713678800501e-15,0.14147883031385078,False,False
Gaussian,0.25,2,0,-0.08140724346285726,-0.2276184499363738,-0.14621120647351654,0.14621120647351654,0.0008380121205711653,3.552713678800501e-15,0.14704921859409126,False,False
Gaussian,0.25,2,1,-0.06931868000231033,-0.20995949819558624,-0.1406408181932759,0.1406408181932759,0.0008380121205711653,3.552713678800501e-15,0.1414788303138506,False,False
Gaussian,0.25,2,2,-0.1482721637215577,-0.39141724614591433,-0.24314508242435665,0.24314508242435665,0.0008380121205711653,3.552713678800501e-15,0.24398309454493136,False,False
Gaussian,0.75,0,0,-0.2144122377799506,-0.5856068234234267,-0.3711945856434761,0.3711945856434761,0.0008666448553009242,3.552713678800501e-15,0.3720612304987806,False,False
Gaussian,0.75,0,1,-0.08720093158844683,-0.3426582915500678,-0.25545735996162094,0.25545735996162094,0.0008666448553009242,3.552713678800501e-15,0.2563240048169254,False,False
Gaussian,0.75,0,2,-0.11020980461340579,-0.35817583928274094,-0.24796603466933514,0.24796603466933514,0.0008666448553009242,3.552713678800501e-15,0.2488326795246396,False,False
Gaussian,0.75,1,0,-0.08720093158844704,-0.3426582915500678,-0.2554573599616207,0.2554573599616207,0.0008666448553009242,3.552713678800501e-15,0.2563240048169252,False,False
Gaussian,0.75,1,1,-0.24145728820211854,-0.6375706117947058,-0.3961133235925872,0.3961133235925872,0.0008666448553009242,3.552713678800501e-15,0.3969799684478917,False,False
Gaussian,0.75,1,2,-0.10836355506061485,-0.3277048674348781,-0.21934131237426324,0.21934131237426324,0.0008666448553009242,3.552713678800501e-15,0.2202079572295677,False,False
Gaussian,0.75,2,0,-0.11020980461340597,-0.35817583928274094,-0.24796603466933498,0.24796603466933498,0.0008666448553009242,3.552713678800501e-15,0.24883267952463944,False,False
Gaussian,0.75,2,1,-0.10836355506061482,-0.3277048674348781,-0.21934131237426327,0.21934131237426327,0.0008666448553009242,3.552713678800501e-15,0.22020795722956774,False,False
Gaussian,0.75,2,2,-0.22800507485953952,-0.6192634028671424,-0.3912583280076029,0.3912583280076029,0.0008666448553009242,3.552713678800501e-15,0.3921249728629074,False,False
Gaussian,1.0,0,0,-0.22511923014159976,-0.6175697668901593,-0.39245053674855956,0.39245053674855956,0.0008679433251918246,3.552713678800501e-15,0.3933184800737549,False,False
Gaussian,1.0,0,1,-0.09154733160060002,-0.3599262034675514,-0.26837887186695136,0.26837887186695136,0.0008679433251918246,3.552713678800501e-15,0.2692468151921467,False,False
Gaussian,1.0,0,2,-0.11384658411236621,-0.3766813696383132,-0.262834785525947,0.262834785525947,0.0008679433251918246,3.552713678800501e-15,0.2637027288511424,False,False
Gaussian,1.0,1,0,-0.09154733160060007,-0.3599262034675514,-0.2683788718669513,0.2683788718669513,0.0008679433251918246,3.552713678800501e-15,0.26924681519214666,False,False
Gaussian,1.0,1,1,-0.26197116748737653,-0.6712691599320626,-0.40929799244468607,0.40929799244468607,0.0008679433251918246,3.552713678800501e-15,0.4101659357698814,False,False
Gaussian,1.0,1,2,-0.11857209400074845,-0.34386045612674887,-0.22528836212600042,0.22528836212600042,0.0008679433251918246,3.552713678800501e-15,0.2261563054511958,False,False
Gaussian,1.0,2,0,-0.11384658411236626,-0.3766813696383132,-0.26283478552594697,0.26283478552594697,0.0008679433251918246,3.552713678800501e-15,0.2637027288511423,False,False
Gaussian,1.0,2,1,-0.11857209400074861,-0.34386045612674887,-0.22528836212600026,0.22528836212600026,0.0008679433251918246,3.552713678800501e-15,0.22615630545119564,False,False
Gaussian,1.0,2,2,-0.24441417809232413,-0.652462448291316,-0.4080482701989919,0.4080482701989919,0.0008679433251918246,3.552713678800501e-15,0.4089162135241873,False,False
Gaussian,2.5,0,0,-0.2452798767479614,-0.6538029757107341,-0.4085230989627727,0.4085230989627727,0.000817012686121247,3.552713678800501e-15,0.4093401116488975,False,False
Gaussian,2.5,0,1,-0.10342270879694733,-0.37528339067604943,-0.2718606818791021,0.2718606818791021,0.000817012686121247,3.552713678800501e-15,0.2726776945652269,False,False
Gaussian,2.5,0,2,-0.12046581022904108,-0.3939688448289174,-0.27350303459987635,0.27350303459987635,0.000817012686121247,3.552713678800501e-15,0.2743200472860011,False,False
Gaussian,2.5,1,0,-0.10342270879694732,-0.37528339067604943,-0.2718606818791021,0.2718606818791021,0.000817012686121247,3.552713678800501e-15,0.2726776945652269,False,False
Gaussian,2.5,1,1,-0.3121029471103618,-0.7067897505805412,-0.39468680347017937,0.39468680347017937,0.000817012686121247,3.552713678800501e-15,0.39550381615630414,False,False
Gaussian,2.5,1,2,-0.14923772443937397,-0.3574853388755625,-0.20824761443618853,0.20824761443618853,0.000817012686121247,3.552713678800501e-15,0.20906462712231333,False,False
Gaussian,2.5,2,0,-0.12046581022904111,-0.3939688448289174,-0.2735030345998763,0.2735030345998763,0.000817012686121247,3.552713678800501e-15,0.27432004728600107,False,False
Gaussian,2.5,2,1,-0.1492377244393741,-0.3574853388755625,-0.2082476144361884,0.2082476144361884,0.000817012686121247,3.552713678800501e-15,0.2090646271223132,False,False
Gaussian,2.5,2,2,-0.28240497572801243,-0.6877405223725226,-0.40533554664451016,0.40533554664451016,0.000817012686121247,3.552713678800501e-15,0.40615255933063493,False,False
Gaussian,7.5,0,0,-0.2535052026993057,-0.6566582902338685,-0.40315308753456275,0.40315308753456275,0.0007773765510049091,3.552713678800501e-15,0.4039304640855712,False,False
Gaussian,7.5,0,1,-0.1115732625701587,-0.37518539811926477,-0.26361213554910606,0.26361213554910606,0.0007773765510049091,3.552713678800501e-15,0.2643895121001145,False,False
Gaussian,7.5,0,2,-0.12462495928033794,-0.39399235517671327,-0.2693673958963753,0.2693673958963753,0.0007773765510049091,3.552713678800501e-15,0.2701447724473838,False,False
Gaussian,7.5,1,0,-0.1115732625701587,-0.37518539811926477,-0.26361213554910606,0.26361213554910606,0.0007773765510049091,3.552713678800501e-15,0.2643895121001145,False,False
Gaussian,7.5,1,1,-0.33493435558609747,-0.7080926539686128,-0.3731582983825153,0.3731582983825153,0.0007773765510049091,3.552713678800501e-15,0.37393567493352375,False,False
Gaussian,7.5,1,2,-0.16614585708175092,-0.35724600874992074,-0.19110015166816982,0.19110015166816982,0.0007773765510049091,3.552713678800501e-15,0.19187752821917828,False,False
Gaussian,7.5,2,0,-0.12462495928033795,-0.39399235517671327,-0.2693673958963753,0.2693673958963753,0.0007773765510049091,3.552713678800501e-15,0.2701447724473838,False,False
Gaussian,7.5,2,1,-0.16614585708175095,-0.35724600874992074,-0.1911001516681698,0.1911001516681698,0.0007773765510049091,3.552713678800501e-15,0.19187752821917825,False,False
Gaussian,7.5,2,2,-0.2983881571249468,-0.6891820965064911,-0.3907939393815443,0.3907939393815443,0.0007773765510049091,3.552713678800501e-15,0.39157131593255273,False,False
Gaussian,10.0,0,0,-0.2543956803154889,-0.6566632832683115,-0.40226760295282254,0.40226760295282254,0.0007756498122566251,3.552713678800501e-15,0.40304325276508274,False,False
Gaussian,10.0,0,1,-0.11283140213643869,-0.3751847809814637,-0.26235337884502496,0.26235337884502496,0.0007756498122566251,3.552713678800501e-15,0.26312902865728516,False,False
Gaussian,10.0,0,2,-0.12543053715722607,-0.3939913428127842,-0.2685608056555581,0.2685608056555581,0.0007756498122566251,3.552713678800501e-15,0.2693364554678183,False,False
Gaussian,10.0,1,0,-0.1128314021364387,-0.3751847809814637,-0.26235337884502496,0.26235337884502496,0.0007756498122566251,3.552713678800501e-15,0.26312902865728516,False,False
Gaussian,10.0,1,1,-0.33711769617434945,-0.7080929709598122,-0.3709752747854627,0.3709752747854627,0.0007756498122566251,3.552713678800501e-15,0.3717509245977229,False,False
Gaussian,10.0,1,2,-0.1676931821234775,-0.3572458527155874,-0.1895526705921099,0.1895526705921099,0.0007756498122566251,3.552713678800501e-15,0.19032832040437006,False,False
Gaussian,10.0,2,0,-0.1254305371572261,-0.3939913428127842,-0.26856080565555807,0.26856080565555807,0.0007756498122566251,3.552713678800501e-15,0.26933645546781826,False,False
Gaussian,10.0,2,1,-0.16769318212347753,-0.3572458527155874,-0.18955267059210987,0.18955267059210987,0.0007756498122566251,3.552713678800501e-15,0.19032832040437003,False,False
Gaussian,10.0,2,2,-0.2995810779295727,-0.6891826406005503,-0.3896015626709776,0.3896015626709776,0.0007756498122566251,3.552713678800501e-15,0.3903772124832378,False,False
harmonic,0.0075,0,0,-0.007984193616994373,-0.021702257541208025,-0.013718063924213653,0.013718063924213653,6.7408901808353e-05,3.9968028886505635e-15,0.013785472826026003,False,False
harmonic,0.0075,0,1,-0.003686470537597686,-0.012871859939844854,-0.009185389402247168,0.009185389402247168,6.7408901808353e-05,3.9968028886505635e-15,0.009252798304059518,False,False
harmonic,0.0075,0,2,-0.004727478544044303,-0.013599688028625767,-0.008872209484581464,0.008872209484581464,6.7408901808353e-05,3.9968028886505635e-15,0.008939618386393814,False,False
harmonic,0.0075,1,0,-0.0036864705375975887,-0.012871859939844632,-0.009185389402247043,0.009185389402247043,6.7408901808353e-05,3.9968028886505635e-15,0.009252798304059394,False,False
harmonic,0.0075,1,1,-0.007726263135598599,-0.022909630409900794,-0.015183367274302195,0.015183367274302195,6.7408901808353e-05,3.9968028886505635e-15,0.015250776176114545,False,False
harmonic,0.0075,1,2,-0.003761869761439496,-0.012058103130911102,-0.008296233369471606,0.008296233369471606,6.7408901808353e-05,3.9968028886505635e-15,0.008363642271283956,False,False
harmonic,0.0075,2,0,-0.004727478544044372,-0.013599688028625767,-0.008872209484581395,0.008872209484581395,6.7408901808353e-05,3.9968028886505635e-15,0.008939618386393745,False,False
harmonic,0.0075,2,1,-0.003761869761439496,-0.012058103130911546,-0.00829623336947205,0.00829623336947205,6.7408901808353e-05,3.9968028886505635e-15,0.0083636422712844,False,False
harmonic,0.0075,2,2,-0.007784909684477592,-0.02253576989535766,-0.014750860210880068,0.014750860210880068,6.7408901808353e-05,3.9968028886505635e-15,0.014818269112692418,False,False
harmonic,0.025,0,0,-0.02527497523612371,-0.07025449719939658,-0.04497952196327287,0.04497952196327287,0.0002082016519861076,3.9968028886505635e-15,0.04518772361526298,False,False
harmonic,0.025,0,1,-0.011586721126133626,-0.041596668798666414,-0.03000994767253279,0.03000994767253279,0.0002082016519861076,3.9968028886505635e-15,0.030218149324522894,False,False
harmonic,0.025,0,2,-0.014873802552912402,-0.043972745583299,-0.029098943030386598,0.029098943030386598,0.0002082016519861076,3.9968028886505635e-15,0.029307144682376704,False,False
harmonic,0.025,1,0,-0.011586721126133487,-0.04159666879866597,-0.030009947672532483,0.030009947672532483,0.0002082016519861076,3.9968028886505635e-15,0.03021814932452259,False,False
harmonic,0.025,1,1,-0.024565136304858237,-0.07403593017260346,-0.04947079386774522,0.04947079386774522,0.0002082016519861076,3.9968028886505635e-15,0.04967899551973533,False,False
harmonic,0.025,1,2,-0.011887622499093864,-0.038929214173773485,-0.02704159167467962,0.02704159167467962,0.0002082016519861076,3.9968028886505635e-15,0.027249793326669727,False,False
harmonic,0.025,2,0,-0.014873802552912499,-0.043972745583299,-0.0290989430303865,0.0290989430303865,0.0002082016519861076,3.9968028886505635e-15,0.029307144682376607,False,False
harmonic,0.025,2,1,-0.011887622499094086,-0.03892921417377415,-0.027041591674680066,0.027041591674680066,0.0002082016519861076,3.9968028886505635e-15,0.02724979332667017,False,False
harmonic,0.025,2,2,-0.024697035709684123,-0.07287673693995023,-0.0481797012302661,0.0481797012302661,0.0002082016519861076,3.9968028886505635e-15,0.04838790288225621,False,False
harmonic,0.075,0,0,-0.06601986325706322,-0.19431069288498026,-0.12829082962791705,0.12829082962791705,0.0004966479607951172,3.9968028886505635e-15,0.12878747758871617,False,False
harmonic,0.075,0,1,-0.029694916573798344,-0.1145261047483293,-0.08483118817453096,0.08483118817453096,0.0004966479607951172,3.9968028886505635e-15,0.08532783613533007,False,False
harmonic,0.075,0,2,-0.03821305747291659,-0.12124557870812591,-0.08303252123520932,0.08303252123520932,0.0004966479607951172,3.9968028886505635e-15,0.08352916919600843,False,False
harmonic,0.075,1,0,-0.029694916573798386,-0.11452610474832908,-0.0848311881745307,0.0848311881745307,0.0004966479607951172,3.9968028886505635e-15,0.08532783613532981,False,False
harmonic,0.075,1,1,-0.06496035828056645,-0.2038370163941161,-0.13887665811354966,0.13887665811354966,0.0004966479607951172,3.9968028886505635e-15,0.13937330607434878,False,False
harmonic,0.075,1,2,-0.030941658423807944,-0.10690342681024662,-0.07596176838643867,0.07596176838643867,0.0004966479607951172,3.9968028886505635e-15,0.07645841634723778,False,False
harmonic,0.075,2,0,-0.038213057472916576,-0.12124557870812569,-0.08303252123520911,0.08303252123520911,0.0004966479607951172,3.9968028886505635e-15,0.08352916919600822,False,False
harmonic,0.075,2,1,-0.03094165842380786,-0.10690342681024695,-0.07596176838643909,0.07596176838643909,0.0004966479607951172,3.9968028886505635e-15,0.0764584163472382,False,False
harmonic,0.075,2,2,-0.06491371287452677,-0.20100538923788125,-0.13609167636335448,0.13609167636335448,0.0004966479607951172,3.9968028886505635e-15,0.1365883243241536,False,False
harmonic,0.1,0,0,-0.08251480486296009,-0.24907623293430892,-0.16656142807134883,0.16656142807134883,0.0005929189686863295,3.9968028886505635e-15,0.16715434704003915,False,False
harmonic,0.1,0,1,-0.036791860861380754,-0.14650142272233296,-0.10970956186095221,0.10970956186095221,0.0005929189686863295,3.9968028886505635e-15,0.11030248082964253,False,False
harmonic,0.1,0,2,-0.04739180248458663,-0.1552026625925853,-0.10781086010799867,0.10781086010799867,0.0005929189686863295,3.9968028886505635e-15,0.108403779076689,False,False
harmonic,0.1,1,0,-0.03679186086138096,-0.14650142272233274,-0.10970956186095178,0.10970956186095178,0.0005929189686863295,3.9968028886505635e-15,0.1103024808296421,False,False
harmonic,0.1,1,1,-0.08168569478900695,-0.26073866778611476,-0.17905297299710782,0.17905297299710782,0.0005929189686863295,3.9968028886505635e-15,0.17964589196579814,False,False
harmonic,0.1,1,2,-0.03863529401512261,-0.13658484767136597,-0.09794955365624336,0.09794955365624336,0.0005929189686863295,3.9968028886505635e-15,0.09854247262493368,False,False
harmonic,0.1,2,0,-0.047391802484586756,-0.15520266259258508,-0.10781086010799833,0.10781086010799833,0.0005929189686863295,3.9968028886505635e-15,0.10840377907668865,False,False
harmonic,0.1,2,1,-0.03863529401512267,-0.13658484767136625,-0.09794955365624358,0.09794955365624358,0.0005929189686863295,3.9968028886505635e-15,0.0985424726249339,False,False
harmonic,0.1,2,2,-0.08138931417387621,-0.2573292192975769,-0.1759399051237007,0.1759399051237007,0.0005929189686863295,3.9968028886505635e-15,0.17653282409239102,False,False
harmonic,0.25,0,0,-0.147467647322563,-0.4997320932835877,-0.3522644459610247,0.3522644459610247,0.0008380121205711653,3.9968028886505635e-15,0.35310245808159985,False,False
harmonic,0.25,0,1,-0.06305536980940482,-0.2910283367104089,-0.22797296690100408,0.22797296690100408,0.0008380121205711653,3.9968028886505635e-15,0.22881097902157924,False,False
harmonic,0.25,0,2,-0.08140724346285722,-0.30937863622381023,-0.22797139276095302,0.22797139276095302,0.0008380121205711653,3.9968028886505635e-15,0.22880940488152818,False,False
harmonic,0.25,1,0,-0.06305536980940489,-0.2910283367104089,-0.227972966901004,0.227972966901004,0.0008380121205711653,3.9968028886505635e-15,0.22881097902157915,False,False
harmonic,0.25,1,1,-0.1512106160661061,-0.5177325813819236,-0.3665219653158175,0.3665219653158175,0.0008380121205711653,3.9968028886505635e-15,0.36735997743639265,False,False
harmonic,0.25,1,2,-0.06931868000231016,-0.26966526748256175,-0.20034658748025158,0.20034658748025158,0.0008380121205711653,3.9968028886505635e-15,0.20118459960082674,False,False
harmonic,0.25,2,0,-0.08140724346285726,-0.3093786362238104,-0.22797139276095313,0.22797139276095313,0.0008380121205711653,3.9968028886505635e-15,0.2288094048815283,False,False
harmonic,0.25,2,1,-0.06931868000231033,-0.2696652674825623,-0.20034658748025197,0.20034658748025197,0.0008380121205711653,3.9968028886505635e-15,0.20118459960082713,False,False
harmonic,0.25,2,2,-0.1482721637215577,-0.5130530600859442,-0.3647808963643865,0.3647808963643865,0.0008380121205711653,3.9968028886505635e-15,0.36561890848496165,False,False
harmonic,0.75,0,0,-0.2144122377799506,-0.845827046401555,-0.6314148086216045,0.6314148086216045,0.0008666448553009242,3.9968028886505635e-15,0.6322814534769094,False,False
harmonic,0.75,0,1,-0.08720093158844683,-0.485048474580987,-0.39784754299254016,0.39784754299254016,0.0008666448553009242,3.9968028886505635e-15,0.39871418784784507,False,False
harmonic,0.75,0,2,-0.11020980461340579,-0.5188669838193392,-0.40865717920593336,0.40865717920593336,0.0008666448553009242,3.9968028886505635e-15,0.4095238240612383,False,False
harmonic,0.75,1,0,-0.08720093158844704,-0.48504847458098677,-0.3978475429925397,0.3978475429925397,0.0008666448553009242,3.9968028886505635e-15,0.3987141878478446,False,False
harmonic,0.75,1,1,-0.24145728820211854,-0.8621420004303667,-0.6206847122282482,0.6206847122282482,0.0008666448553009242,3.9968028886505635e-15,0.6215513570835531,False,False
harmonic,0.75,1,2,-0.10836355506061485,-0.44451409081523274,-0.3361505357546179,0.3361505357546179,0.0008666448553009242,3.9968028886505635e-15,0.3370171806099228,False,False
harmonic,0.75,2,0,-0.11020980461340597,-0.5188669838193388,-0.40865717920593286,0.40865717920593286,0.0008666448553009242,3.9968028886505635e-15,0.4095238240612378,False,False
harmonic,0.75,2,1,-0.10836355506061482,-0.4445140908152331,-0.3361505357546183,0.3361505357546183,0.0008666448553009242,3.9968028886505635e-15,0.3370171806099232,False,False
harmonic,0.75,2,2,-0.22800507485953952,-0.8596897478535483,-0.6316846729940089,0.6316846729940089,0.0008666448553009242,3.9968028886505635e-15,0.6325513178493138,False,False
harmonic,1.0,0,0,-0.22511923014159976,-0.9065951294958478,-0.681475899354248,0.681475899354248,0.0008679433251918246,3.9968028886505635e-15,0.6823438426794438,False,False
harmonic,1.0,0,1,-0.09154733160060002,-0.5178350639126249,-0.4262877323120249,0.4262877323120249,0.0008679433251918246,3.9968028886505635e-15,0.4271556756372207,False,False
harmonic,1.0,0,2,-0.11384658411236621,-0.5548142927947072,-0.440967708682341,0.440967708682341,0.0008679433251918246,3.9968028886505635e-15,0.44183565200753677,False,False
harmonic,1.0,1,0,-0.09154733160060007,-0.5178350639126246,-0.4262877323120245,0.4262877323120245,0.0008679433251918246,3.9968028886505635e-15,0.4271556756372203,False,False
harmonic,1.0,1,1,-0.26197116748737653,-0.9211679067177378,-0.6591967392303613,0.6591967392303613,0.0008679433251918246,3.9968028886505635e-15,0.6600646825555571,False,False
harmonic,1.0,1,2,-0.11857209400074845,-0.473293303765132,-0.3547212097643836,0.3547212097643836,0.0008679433251918246,3.9968028886505635e-15,0.3555891530895794,False,False
harmonic,1.0,2,0,-0.11384658411236626,-0.5548142927947071,-0.4409677086823408,0.4409677086823408,0.0008679433251918246,3.9968028886505635e-15,0.4418356520075366,False,False
harmonic,1.0,2,1,-0.11857209400074861,-0.47329330376513246,-0.3547212097643838,0.3547212097643838,0.0008679433251918246,3.9968028886505635e-15,0.3555891530895796,False,False
harmonic,1.0,2,2,-0.24441417809232413,-0.9194471043367792,-0.6750329262444551,0.6750329262444551,0.0008679433251918246,3.9968028886505635e-15,0.6759008695696509,False,False
harmonic,2.5,0,0,-0.2452798767479614,-0.9896643617583561,-0.7443844850103948,0.7443844850103948,0.000817012686121247,3.9968028886505635e-15,0.74520149769652,False,False
harmonic,2.5,0,1,-0.10342270879694733,-0.5553401008867437,-0.45191739208979637,0.45191739208979637,0.000817012686121247,3.9968028886505635e-15,0.4527344047759216,False,False
harmonic,2.5,0,2,-0.12046581022904108,-0.5972003344012079,-0.47673452417216683,0.47673452417216683,0.000817012686121247,3.9968028886505635e-15,0.47755153685829205,False,False
harmonic,2.5,1,0,-0.10342270879694732,-0.5553401008867437,-0.45191739208979637,0.45191739208979637,0.000817012686121247,3.9968028886505635e-15,0.4527344047759216,False,False
harmonic,2.5,1,1,-0.3121029471103618,-0.9958166349580362,-0.6837136878476744,0.6837136878476744,0.000817012686121247,3.9968028886505635e-15,0.6845307005337996,False,False
harmonic,2.5,1,2,-0.14923772443937397,-0.5043127193262482,-0.3550749948868742,0.3550749948868742,0.000817012686121247,3.9968028886505635e-15,0.35589200757299944,False,False
harmonic,2.5,2,0,-0.12046581022904111,-0.5972003344012077,-0.47673452417216655,0.47673452417216655,0.000817012686121247,3.9968028886505635e-15,0.47755153685829177,False,False
harmonic,2.5,2,1,-0.1492377244393741,-0.5043127193262487,-0.35507499488687455,0.35507499488687455,0.000817012686121247,3.9968028886505635e-15,0.35589200757299977,False,False
harmonic,2.5,2,2,-0.28240497572801243,-0.9953008861391487,-0.7128959104111363,0.7128959104111363,0.000817012686121247,3.9968028886505635e-15,0.7137129230972615,False,False
harmonic,7.5,0,0,-0.2535052026993057,-0.9999408636879497,-0.746435660988644,0.746435660988644,0.0007773765510049091,3.9968028886505635e-15,0.747213037539653,False,False
harmonic,7.5,0,1,-0.1115732625701587,-0.5561072792386278,-0.4445340166684691,0.4445340166684691,0.0007773765510049091,3.9968028886505635e-15,0.445311393219478,False,False
harmonic,7.5,0,2,-0.12462495928033794,-0.5982966841012255,-0.47367172482088754,0.47367172482088754,0.0007773765510049091,3.9968028886505635e-15,0.47444910137189644,False,False
harmonic,7.5,1,0,-0.1115732625701587,-0.5561072792386276,-0.44453401666846887,0.44453401666846887,0.0007773765510049091,3.9968028886505635e-15,0.44531139321947777,False,False
harmonic,7.5,1,1,-0.33493435558609747,-0.9999979920640465,-0.665063636477949,0.665063636477949,0.0007773765510049091,3.9968028886505635e-15,0.6658410130289579,False,False
harmonic,7.5,1,2,-0.16614585708175092,-0.5042140535642842,-0.3380681964825333,0.3380681964825333,0.0007773765510049091,3.9968028886505635e-15,0.3388455730335422,False,False
harmonic,7.5,2,0,-0.12462495928033795,-0.5982966841012254,-0.47367172482088743,0.47367172482088743,0.0007773765510049091,3.9968028886505635e-15,0.47444910137189633,False,False
harmonic,7.5,2,1,-0.16614585708175095,-0.5042140535642846,-0.33806819648253367,0.33806819648253367,0.0007773765510049091,3.9968028886505635e-15,0.33884557303354257,False,False
harmonic,7.5,2,2,-0.2983881571249468,-0.9999961783942624,-0.7016080212693155,0.7016080212693155,0.0007773765510049091,3.9968028886505635e-15,0.7023853978203245,False,False
harmonic,10.0,0,0,-0.2543956803154889,-0.9999951607998782,-0.7455994804843893,0.7455994804843893,0.0007756498122566251,3.9968028886505635e-15,0.7463751302966499,False,False
harmonic,10.0,0,1,-0.11283140213643869,-0.5561052438147406,-0.44327384167830186,0.44327384167830186,0.0007756498122566251,3.9968028886505635e-15,0.4440494914905625,False,False
harmonic,10.0,0,2,-0.12543053715722607,-0.5982904485267648,-0.47285991136953875,0.47285991136953875,0.0007756498122566251,3.9968028886505635e-15,0.4736355611817994,False,False
harmonic,10.0,1,0,-0.1128314021364387,-0.5561052438147404,-0.44327384167830164,0.44327384167830164,0.0007756498122566251,3.9968028886505635e-15,0.4440494914905623,False,False
harmonic,10.0,1,1,-0.33711769617434945,-0.9999999337344155,-0.662882237560066,0.662882237560066,0.0007756498122566251,3.9968028886505635e-15,0.6636578873723267,False,False
harmonic,10.0,1,2,-0.1676931821234775,-0.504212119397571,-0.33651893727409354,0.33651893727409354,0.0007756498122566251,3.9968028886505635e-15,0.3372945870863542,False,False
harmonic,10.0,2,0,-0.1254305371572261,-0.5982904485267645,-0.4728599113695384,0.4728599113695384,0.0007756498122566251,3.9968028886505635e-15,0.47363556118179906,False,False
harmonic,10.0,2,1,-0.16769318212347753,-0.5042121193975715,-0.336518937274094,0.336518937274094,0.0007756498122566251,3.9968028886505635e-15,0.3372945870863546,False,False
harmonic,10.0,2,2,-0.2995810779295727,-0.9999998253138701,-0.7004187473842973,0.7004187473842973,0.0007756498122566251,3.9968028886505635e-15,0.701194397196558,False,False
