time_over_tau,rank,residue_canonical,row_index,score
0.1,1,178,19,0.042060145400629516
0.1,2,183,24,0.028481230637433914
0.1,3,211,52,0.02825737096883067
0.1,4,202,43,0.026494708355442542
0.1,5,197,38,0.024529973820040324
0.1,6,180,21,0.02321625995414792
0.1,7,162,3,0.023163513695880836
0.1,8,181,22,0.018168159963783133
0.1,9,184,25,0.01815062993562742
0.1,10,161,2,0.017414676253688203
0.1,11,201,42,0.012508193552384013
0.1,12,182,23,0.0028730173445561057
0.1,13,160,1,0.001971633892213444
0.1,14,198,39,0.0019339860972872227
0.1,15,212,53,0.0017369294323676793
0.1,16,199,40,0.0016572058936331418
0.1,17,159,0,0.001466483674073217
0.1,18,213,54,0.0012822538214022005
0.1,19,214,55,0.00044971855878213476
0.1,20,200,41,0.00022384500959715225
1.0,1,178,19,0.043315283712438805
1.0,2,211,52,0.029954700115388803
1.0,3,183,24,0.029361330672503846
1.0,4,202,43,0.027827147842706117
1.0,5,197,38,0.025242804475873272
1.0,6,180,21,0.023705420680216294
1.0,7,162,3,0.02317350239347821
1.0,8,181,22,0.01828348928568509
1.0,9,184,25,0.018108984842397587
1.0,10,161,2,0.0177754405189483
1.0,11,201,42,0.013358008032142698
1.0,12,182,23,0.0029428009567802186
1.0,13,212,53,0.002068452478427512
1.0,14,199,40,0.0020285164729558227
1.0,15,160,1,0.001950127750407912
1.0,16,198,39,0.001918945999896888
1.0,17,159,0,0.001722964749708706
1.0,18,213,54,0.001461649259557088
1.0,19,214,55,0.0005838635598238251
1.0,20,200,41,0.0004740198522499591
10.0,1,178,19,0.043313432207754694
10.0,2,211,52,0.029965188532993316
10.0,3,183,24,0.029356996633300003
10.0,4,202,43,0.027799388036025482
10.0,5,197,38,0.02522854049270928
10.0,6,180,21,0.02370570742599085
10.0,7,162,3,0.023165509276975433
10.0,8,181,22,0.018283386098299534
10.0,9,184,25,0.018102392066684205
10.0,10,161,2,0.017773759776170364
10.0,11,201,42,0.013363345219916991
10.0,12,182,23,0.0029382512530918324
10.0,13,212,53,0.002073843872414366
10.0,14,199,40,0.002024493829432
10.0,15,160,1,0.001947279544094754
10.0,16,198,39,0.001912193293265679
10.0,17,159,0,0.001721453757824475
10.0,18,213,54,0.0014603397005305664
10.0,19,214,55,0.0005856632441127237
10.0,20,200,41,0.00047367711288878094
