kappa,d,n,time_over_tau,restriction_error,analytic_completion_error,same_grid_completion_error,full_harmonic_grid_vs_analytic_error,completion_static_error,completion_delayed_error
1,1,17,0.1,0.040673883303506866,0.19730523993745153,0.16288854081202375,0.03560623068960522,0.6784733938046406,0.4928201046640074
1,1,17,1,0.12984724184459315,0.6996966454897986,0.6720800892950234,0.0290864148889588,0.6784733938046406,0.07755103956473003
1,1,17,10,0.16816349386038487,0.6846130708774116,0.6829259705738702,0.002175365123837314,0.6784733938046406,0.02843745929126797
1,2,17,0.1,0.011681007691142761,0.18322420040168508,0.14761796971207986,0.03560623068960522,0.5408284582948011,0.3736304424646061
1,2,17,1,0.06085050552481118,0.6110969627179951,0.5836883846770108,0.0290864148889588,0.5408284582948011,0.07470792226402018
1,2,17,10,0.04471012474211794,0.5648266010553611,0.5630420763439761,0.002175365123837314,0.5408284582948011,0.028437560601386323
1,3,17,0.1,0.0,0.03560623068960522,2.7755575615628914e-17,0.03560623068960522,0.0021712264927061242,0.03382184252380388
1,3,17,1,0.0,0.029086414888958884,5.551115123125783e-17,0.0290864148889588,0.0021712264927061242,0.026915188396252822
1,3,17,10,0.0,0.002175365123837314,1.1102230246251565e-16,0.002175365123837314,0.0021712264927061242,4.138631131188862e-06
1,1,33,0.1,0.04452060552834905,0.19038245945506205,0.18055899865565242,0.010172584568185816,0.6786919772601537,0.499136163594453
1,1,33,1,0.13214909868595537,0.6911836011027936,0.6828604060896386,0.009186712318388857,0.6786919772601537,0.07535618408319106
1,1,33,10,0.1694057429602967,0.6827043832457486,0.679139353078258,0.003565030167490546,0.6786919772601537,0.026913665697712287
1,2,33,0.1,0.013830225678821736,0.17564402804692947,0.16547144347874365,0.010172584568185816,0.5412426157922171,0.3813628448227079
1,2,33,1,0.06199011161792088,0.6030172510069634,0.5947053077046054,0.009186712318388857,0.5412426157922171,0.07539860800639257
1,2,33,10,0.04639408949247291,0.5545323874660422,0.551546353608501,0.003565030167490546,0.5412426157922171,0.026913744465471505
1,3,33,0.1,0.0,0.010172584568185816,2.7755575615628914e-17,0.010172584568185816,0.003564257352962258,0.007186572747966302
1,3,33,1,0.0,0.009186712318388746,1.1102230246251565e-16,0.009186712318388857,0.003564257352962258,0.005622454965426758
1,3,33,10,0.0,0.0035650301674904628,1.1102230246251565e-16,0.003565030167490546,0.003564257352962258,7.728145283592697e-07
1,1,65,0.1,0.04565717791523137,0.18817583568263968,0.18535401605961827,0.002908197124399381,0.6789399451287148,0.5011255694769083
1,1,65,1,0.13302388434498,0.6879936351163901,0.6837467437907666,0.005025607271463839,0.6789399451287148,0.07454417749471218
1,1,65,10,0.16997142832265108,0.6826924710041472,0.6782536934343187,0.004438777569828356,0.6789399451287148,0.02602554621960302
1,2,65,0.1,0.014453732514917841,0.1733435217776263,0.17043532465322692,0.002908197124399381,0.5416232069680027,0.3837916180460965
1,2,65,1,0.062145016378019294,0.6006751483675384,0.5963616997292079,0.005025607271463839,0.5416232069680027,0.07724591954182544
1,2,65,10,0.04748758490341348,0.5494548481128589,0.5457083461083043,0.004438777569828356,0.5416232069680027,0.026025619287145817
1,3,65,0.1,0.0,0.002908197124399381,1.3877787807814457e-17,0.002908197124399381,0.004438659117761673,0.0016187848567718877
1,3,65,1,0.0,0.005025607271463783,1.1102230246251565e-16,0.005025607271463839,0.004438659117761673,0.0007190736583040785
1,3,65,10,0.0,0.004438777569828328,1.1102230246251565e-16,0.004438777569828356,0.004438659117761673,1.1845206660410917e-07
10,1,17,0.1,0.18626279378445426,0.06176082447182474,0.0264890578616509,0.035757191267878685,0.03384664741450516,0.033291701483713965
10,1,17,1,0.7507256201873341,0.10427692616028716,0.07713762817592673,0.027139297984360322,0.03384664741450516,0.07420259639111759
10,1,17,10,0.8689288660922448,0.033847845375306385,0.032781224476726045,0.0013890055708782878,0.03384664741450516,1.4459364540865984e-05
10,2,17,0.1,0.12071888463464975,0.05830543969563756,0.023033673085463724,0.035757191267878685,0.027040694028001078,0.057405962456588244
10,2,17,1,0.41915675094325955,0.0817997465454462,0.05466044856108587,0.027139297984360322,0.027040694028001078,0.0809002693063969
10,2,17,10,0.47419240981466587,0.027040828829333452,0.0259245126772224,0.0013890055708782878,0.027040694028001078,1.4851334835292087e-05
10,3,17,0.1,0.0,0.035757191267878685,0.0,0.035757191267878685,0.0013889773441631004,0.03451376685130925
10,3,17,1,0.0,0.027139297984360322,1.1102230246251565e-16,0.027139297984360322,0.0013889773441631004,0.026381298225495717
10,3,17,10,0.0,0.0013890055708782878,1.1102230246251565e-16,0.0013890055708782878,0.0013889773441631004,8.411589162398655e-07
10,1,33,0.1,0.20687184540077708,0.03975718742157869,0.029893287076988406,0.010064538422512204,0.03587827306881586,0.012570856824915488
10,1,33,1,0.7685906614954344,0.08402942385332468,0.07688775256362523,0.007301501983385306,0.03587827306881586,0.051487648035240016
10,1,33,10,0.8668010956021489,0.03587866913088744,0.034041176015540575,0.0023723393654876412,0.03587827306881586,8.227422050651717e-06
10,2,33,0.1,0.13620914854681682,0.03611923421414992,0.02625533386955964,0.010064538422512204,0.028621962128221767,0.03270204262835419
10,2,33,1,0.42621517949266274,0.060603545593343355,0.05346187430364391,0.007301501983385306,0.028621962128221767,0.05718635400754748
10,2,33,10,0.4726546203714417,0.028621831873932357,0.026726802957609708,0.0023723393654876412,0.028621962128221767,8.471675467097673e-06
10,3,33,0.1,0.0,0.010064538422512204,0.0,0.010064538422512204,0.0023723352357857275,0.008537909415616274
10,3,33,1,0.0,0.007301501983385306,1.1102230246251565e-16,0.007301501983385306,0.0023723352357857275,0.005815680360725564
10,3,33,10,0.0,0.0023723393654876412,1.1102230246251565e-16,0.0023723393654876412,0.0023723352357857275,1.5693927790259598e-07
10,1,65,0.1,0.2127064019810778,0.03354559284325609,0.030886708277760633,0.0027381076617687405,0.037066000956138434,0.00747140610194974
10,1,65,1,0.7725187763382325,0.07961157876173841,0.076833156860169,0.0034438603593910377,0.037066000956138434,0.04564822392569913
10,1,65,10,0.8655892371526178,0.03706626322134465,0.03473203920894774,0.0030008682367428374,0.037066000956138434,6.940387866936811e-06
10,2,65,0.1,0.1406811669039303,0.029865463050837204,0.027206578485341748,0.0027381076617687405,0.029541955669056652,0.02499226502342744
10,2,65,1,0.4275938608552521,0.05596090148880184,0.053182479587232656,0.0034438603593910377,0.029541955669056652,0.051087703461392034
10,2,65,10,0.47181669182396097,0.029541782743112144,0.02715133056369523,0.0030008682367428374,0.029541955669056652,7.156018652083615e-06
10,3,65,0.1,0.0,0.0027381076617687405,0.0,0.0027381076617687405,0.0030008673946437803,0.0009606215095302462
10,3,65,1,0.0,0.0034438603593910377,1.1102230246251565e-16,0.0034438603593910377,0.0030008673946437803,0.001080158845604029
10,3,65,10,0.0,0.0030008682367429484,1.1102230246251565e-16,0.0030008682367428374,0.0030008673946437803,2.4045268269378918e-08
100,1,17,0.1,0.21398458223522426,0.038648576223942466,0.002887663560522613,0.03579912522340256,0.005551295654935617,0.03371802923405953
100,1,17,1,0.83357691445688,0.03497686332792527,0.008187215323602226,0.02678964800432304,0.005551295654935617,0.030046316338042243
100,1,17,10,0.903797008133259,0.005551213529219723,0.0045667447763189095,0.0013377161486618494,0.005551295654935617,3.236788258911685e-07
100,2,17,0.1,0.1347496974178654,0.03826758207860076,0.0025066694151809066,0.03579912522340256,0.004191560008070805,0.03661361599647295
100,2,17,1,0.4472695429721152,0.03246492542541457,0.005675277421091529,0.02678964800432304,0.004191560008070805,0.030810959343286773
100,2,17,10,0.4657790905070527,0.004191405555815708,0.003129193581714984,0.0013377161486618494,0.004191560008070805,3.67375657377091e-07
100,3,17,0.1,0.0,0.03579912522340256,0.0,0.03579912522340256,0.001337707440270508,0.035248455488939956
100,3,17,1,0.0,0.02678964800432293,1.1102230246251565e-16,0.02678964800432304,0.001337707440270508,0.026277190829843006
100,3,17,10,0.0,0.0013377161486618494,5.551115123125783e-17,0.0013377161486618494,0.001337707440270508,9.468263564798081e-08
100,1,33,0.1,0.2381800350559694,0.013222154029655542,0.003261113079029654,0.010052976714367445,0.006330914837162083,0.007768164888094065
100,1,33,1,0.8514515485265913,0.01490153473011846,0.008119370566400885,0.00714787748554524,0.006330914837162083,0.009447545588557066
100,1,33,10,0.9035033410978344,0.006330857261631295,0.004625213120420191,0.0022919228834547,0.006330914837162083,1.5527476834821704e-07
100,2,33,0.1,0.15263082748984613,0.012821741780811968,0.0028607008301860803,0.010052976714367445,0.004986576453766378,0.010638188383253033
100,2,33,1,0.45348861038261973,0.012282460974193388,0.005500296810475813,0.00714787748554524,0.004986576453766378,0.010098907576634723
100,2,33,10,0.46567489467518863,0.004986479322695914,0.0031726301447970173,0.0022919228834547,0.004986576453766378,1.8252102200582552e-07
100,3,33,0.1,0.0,0.010052976714367445,0.0,0.010052976714367445,0.0022919219809099944,0.009029028697196129
100,3,33,1,0.0,0.00714787748554524,1.1102230246251565e-16,0.00714787748554524,0.0022919219809099944,0.005850151910287857
100,3,33,10,0.0,0.0022919228834547,1.1102230246251565e-16,0.0022919228834547,0.0022919219809099944,1.7514542262872084e-08
100,1,65,0.1,0.24505710307632705,0.006012034518642961,0.0033701186264091243,0.0027135119861935175,0.006830914582433234,0.0012654293494982483
100,1,65,1,0.8553888395289535,0.010487416819384698,0.008099478804784566,0.003319250355710568,0.006830914582433234,0.004691325346552214
100,1,65,10,0.9033069181784154,0.006830862925407577,0.004659229536438603,0.002902696928954396,0.006830914582433234,1.2264617776770826e-07
100,2,65,0.1,0.15782150128318667,0.005607217468442338,0.002965301576208501,0.0027135119861935175,0.005490610694274811,0.0030773701629582817
100,2,65,1,0.45468703871590843,0.008208433148920613,0.005455091400494938,0.003319250355710568,0.005490610694274811,0.005313182109611313
100,2,65,10,0.46561329136939333,0.005490525529526169,0.003196903977290999,0.002902696928954396,0.005490610694274811,1.4669877985367827e-07
100,3,65,0.1,0.0,0.0027135119861935175,0.0,0.0027135119861935175,0.002902696813107064,0.0014286091758881625
100,3,65,1,0.0,0.003319250355710568,1.1102230246251565e-16,0.003319250355710568,0.002902696813107064,0.0011746312982545554
100,3,65,10,0.0,0.002902696928954507,1.1102230246251565e-16,0.002902696928954396,0.002902696813107064,2.6726035947761356e-09
