canonical,construct_position,receiver,receiver_CA_distance_A,structural_candidate,degree,negative_distance,gaussian,harmonic,ohm_seed11,ohm_seed29,ohm_seed47,ohm
159,1,False,10.653645479365267,True,12,-10.653645479365267,0.002042733890389176,0.005391401483736816,0.880068,0.880068,0.880068,0.880068
160,2,False,11.43838388934381,True,18,-11.43838388934381,0.0017674314666615695,0.002867574394131455,1.0862,1.03459,1.01522,1.0453366666666666
161,3,False,9.466790057881287,True,19,-9.466790057881287,0.017169949181175117,0.023066345978897822,1.07091,1.05414,1.04476,1.0566033333333333
162,4,False,8.546123214651189,True,18,-8.546123214651189,0.02275239941088237,0.029303459916941547,1.12499,1.12499,1.11397,1.1213166666666667
163,5,False,5.48912679758812,False,23,-5.48912679758812,0.049165487788577635,0.06459762182740378,0.719818,0.972997,0.719818,0.804211
164,6,False,3.7746558783550066,False,17,-3.7746558783550066,0.050219388959553905,0.06543116185563916,0.270451,0.270451,0.270451,0.270451
165,7,True,0.0,False,15,-0.0,0.2044802146017063,0.2677824996189274,0.0,0.0,0.0,0.0
166,8,False,3.7152788589821912,False,14,-3.7152788589821912,0.0601606899008417,0.08412301413009123,1.01354,0.986462,1.01587,1.0052906666666668
167,9,True,0.0,False,17,-0.0,0.19418291149662414,0.27337945578058526,0.0,0.0,0.0,0.0
168,10,True,0.0,False,12,-0.0,0.14861327095870389,0.2741146592312074,0.0,0.0,0.0,0.0
169,11,False,3.785499966979263,False,14,-3.785499966979263,0.04338212064864158,0.15639389359709813,1.79646,1.78796,1.82889,1.8044366666666665
170,12,True,0.0,False,10,-0.0,0.07426570356307831,0.2929400463327313,0.0,0.0,0.0,0.0
171,13,True,0.0,False,11,-0.0,0.0738268656228053,0.31308459974138914,0.0,0.0,0.0,0.0
172,14,True,0.0,False,7,-0.0,0.020641751142449642,0.3146917890820055,0.0,0.0,0.0,0.0
173,15,False,3.7883194163111433,False,11,-3.7883194163111433,0.028475715045980482,0.19383410367312798,1.0,1.0,1.0,1.0
174,16,True,0.0,False,15,-0.0,0.12496548389294772,0.29790613658299875,0.0,0.0,0.0,0.0
175,17,False,3.770774588861022,False,22,-3.770774588861022,0.05346109665756021,0.11450972203971714,1.56936,1.53193,1.5497,1.55033
176,18,False,5.143612543728386,False,21,-5.143612543728386,0.047174405287733555,0.07727085739809725,1.24734,1.24668,1.21425,1.23609
177,19,False,5.40507659520196,False,19,-5.40507659520196,0.047326281341294275,0.06471474893728946,0.69729,0.657866,0.662559,0.6725716666666667
178,20,False,6.000532476372409,True,17,-6.000532476372409,0.043073865444989326,0.05619455287141758,0.778513,0.769247,0.737692,0.7618173333333335
179,21,False,4.681934322478265,False,14,-4.681934322478265,0.040313232386967296,0.05132714951854581,0.449366,0.449366,0.449366,0.449366
180,22,False,7.878552658959639,True,15,-7.878552658959639,0.02309427866179395,0.02987533251767841,0.635357,0.635357,0.635357,0.635357
181,23,False,9.095971306023342,True,20,-9.095971306023342,0.025199076558759814,0.03104243946648132,0.989544,0.95531,1.00464,0.9831646666666666
182,24,False,10.851239284063364,True,22,-10.851239284063364,0.0031819415113462407,0.0045803325145841135,0.645702,0.645702,0.645702,0.645702
183,25,False,9.18958306997657,True,28,-9.18958306997657,0.026611845927646427,0.03454830663392431,0.914733,0.854041,0.88436,0.884378
184,26,False,8.204352503397205,True,19,-8.204352503397205,0.01792399040629586,0.02290168636993536,1.14432,1.0295,1.11516,1.0963266666666667
185,27,False,6.0790343805574905,True,22,-6.0790343805574905,0.025226915406567903,0.03301973718285001,0.952314,0.952314,0.952314,0.952314
186,28,False,5.829440968051738,False,15,-5.829440968051738,0.027588461311722226,0.03620643570995225,1.0,1.0,1.0,1.0
187,29,False,5.253262890813669,False,12,-5.253262890813669,0.03289961717903737,0.05138212850148333,1.0,1.0,1.0,1.0
188,30,False,5.670238972036363,False,15,-5.670238972036363,0.037297503753227164,0.07536758490945307,1.2262,1.22757,1.17943,1.2110666666666667
189,31,False,3.7705668008934676,False,13,-3.7705668008934676,0.04239306598210848,0.08885012422573522,0.987057,0.987652,1.02514,0.9999496666666666
190,32,True,0.0,False,12,-0.0,0.1257495477504222,0.269698518582564,0.0,0.0,0.0,0.0
191,33,False,3.800819648444268,False,9,-3.800819648444268,0.04371962254336891,0.147872043533214,1.28385,1.31214,1.31715,1.30438
192,34,True,0.0,False,11,-0.0,0.10460382102763421,0.2779807545303867,0.0,0.0,0.0,0.0
193,35,True,0.0,False,14,-0.0,0.15474832821596018,0.2770802883517839,0.0,0.0,0.0,0.0
194,36,False,3.8016041350987613,False,19,-3.8016041350987613,0.06401011811850925,0.10557408475862473,1.51659,1.48135,1.47506,1.4909999999999999
195,37,True,0.0,False,20,-0.0,0.20353375625414286,0.26647852129743355,0.0,0.0,0.0,0.0
196,38,False,3.7666194392319476,False,23,-3.7666194392319476,0.04339063326284977,0.05802832031936642,1.02023,1.0119,1.01468,1.0156033333333332
197,39,False,7.081541922491175,True,23,-7.081541922491175,0.026369353307477895,0.033768404975743606,1.00968,1.01326,0.997559,1.006833
198,40,False,10.515622187963963,True,17,-10.515622187963963,0.001971694674883577,0.0026489087688181955,1.03686,1.04383,1.09799,1.05956
199,41,False,11.488334518110099,True,13,-11.488334518110099,0.0020538267606693013,0.003642449359317091,1.21227,1.20586,1.19719,1.2051066666666665
200,42,False,12.74834106854692,True,5,-12.74834106854692,0.00045284433711023555,0.0013436182315086575,1.2233,1.13038,1.23298,1.1955533333333332
201,43,False,9.287506554506436,True,12,-9.287506554506436,0.012175161105190773,0.0196290634521354,1.25313,1.2389,1.25594,1.2493233333333331
202,44,False,7.186368971880027,True,18,-7.186368971880027,0.027257176567184703,0.03592222060151386,1.31642,1.30421,1.31642,1.3123500000000001
203,45,False,3.795490350402699,False,19,-3.795490350402699,0.04511461110573921,0.11704424988213244,1.25644,1.23817,1.2224,1.2390033333333332
204,46,True,0.0,False,22,-0.0,0.1864995144690204,0.2674937162715492,0.0,0.0,0.0,0.0
205,47,False,3.785141212689429,False,28,-3.785141212689429,0.07859915827993032,0.13611302061429537,1.22901,1.20396,1.23357,1.22218
206,48,True,0.0,False,15,-0.0,0.1822601476915032,0.27467317229638855,0.0,0.0,0.0,0.0
207,49,False,3.7932097226491446,False,21,-3.7932097226491446,0.06941474960676698,0.1274500735632088,1.34932,1.34621,1.31661,1.3373799999999998
208,50,True,0.0,False,13,-0.0,0.15596150949066742,0.274269018946419,0.0,0.0,0.0,0.0
209,51,True,0.0,False,19,-0.0,0.20667796751095632,0.27360771212659174,0.0,0.0,0.0,0.0
210,52,False,3.7872301223981615,False,22,-3.7872301223981615,0.05490442258428342,0.07637475755684134,1.03015,1.01395,1.01269,1.01893
211,53,False,7.104047156375019,True,16,-7.104047156375019,0.029735026128813114,0.04640650047810275,1.04602,1.02013,1.04833,1.03816
212,54,False,10.507808905761467,True,13,-10.507808905761467,0.0019086343982456545,0.0038573104029190884,1.02134,0.997014,1.03137,1.0165746666666666
213,55,False,13.137287619596368,True,11,-13.137287619596368,0.0012513249093028085,0.002374780471177043,1.0796,1.14717,1.06826,1.0983433333333334
214,56,False,16.30007098144054,True,6,-16.30007098144054,0.0004713371594588703,0.0017111574868672282,0.853261,1.21103,1.06658,1.0436236666666667
