canonical,construct_position,receiver,receiver_CA_distance_A,structural_candidate,degree,negative_distance,gaussian,harmonic,ohm_seed11,ohm_seed29,ohm_seed47,ohm,mutation_count,binding_magnitude,folding_magnitude,weighted_binding_magnitude,weighted_folding_magnitude,eligible,exclusion
159,1,False,10.653645479365268,True,12,-10.653645479365268,0.0020427338903891,0.0053914014837368,0.880068,0.880068,0.880068,0.880068,12,0.11993624067644998,0.113343669716145,0.055074928326313374,0.08672427317798619,True,
160,2,False,11.43838388934381,True,18,-11.43838388934381,0.0017674314666615,0.0028675743941314,1.0862,1.03459,1.01522,1.0453366666666666,14,0.30080898025592145,0.2965105829481643,0.055064541124145994,0.27287075920491305,True,
161,3,False,9.466790057881289,True,19,-9.466790057881289,0.0171699491811751,0.0230663459788978,1.07091,1.05414,1.04476,1.0566033333333331,14,0.6563193264796928,1.2818870357574406,0.17364872342193644,0.8103854265246976,True,
162,4,False,8.546123214651189,True,18,-8.546123214651189,0.0227523994108823,0.0293034599169415,1.12499,1.12499,1.11397,1.1213166666666667,14,0.34683553052326715,0.8467248524000847,0.08350341353151305,0.4900492563895538,True,
163,5,False,5.48912679758812,False,23,-5.48912679758812,0.0491654877885776,0.0645976218274037,0.719818,0.972997,0.719818,0.804211,10,1.1902341385008,2.0696762368956603,0.3868334906412807,1.718054506011705,False,less_than_6A_from_receiver
164,6,False,3.7746558783550066,False,17,-3.7746558783550066,0.0502193889595539,0.0654311618556391,0.270451,0.270451,0.270451,0.270451,11,0.5920805331713197,1.1273406607235843,0.29153262665925156,0.39689781944282243,False,less_than_6A_from_receiver
165,7,True,0.0,False,15,-0.0,0.2044802146017063,0.2677824996189274,0.0,0.0,0.0,0.0,12,1.4334103187116325,0.4756546199761824,0.7278402473329864,0.254052336453226,False,receiver
166,8,False,3.7152788589821912,False,14,-3.7152788589821912,0.0601606899008417,0.0841230141300912,1.01354,0.986462,1.01587,1.0052906666666668,15,0.41385067346221793,1.720503445020258,0.19043422757845582,1.486240712926009,False,less_than_6A_from_receiver
167,9,True,0.0,False,17,-0.0,0.1941829114966241,0.2733794557805852,0.0,0.0,0.0,0.0,12,2.5276564543545503,1.1134680511704522,1.896224851269437,0.9502694231208619,False,receiver
168,10,True,0.0,False,12,-0.0,0.1486132709587038,0.2741146592312074,0.0,0.0,0.0,0.0,14,0.2506722532910743,0.2589077631417086,0.10612149081747181,0.382911808303238,False,receiver
169,11,False,3.785499966979263,False,14,-3.785499966979263,0.0433821206486415,0.1563938935970981,1.79646,1.78796,1.82889,1.8044366666666665,12,0.45655644531848755,1.3717454966542348,0.3080964697518167,0.8077305503916842,False,less_than_6A_from_receiver
170,12,True,0.0,False,10,-0.0,0.0742657035630783,0.2929400463327313,0.0,0.0,0.0,0.0,15,0.7896190131116079,0.5025454141497999,0.4363806378410491,0.2735171087259149,False,receiver
171,13,True,0.0,False,11,-0.0,0.0738268656228053,0.3130845997413891,0.0,0.0,0.0,0.0,11,1.3047840100038302,0.2875125956807209,0.9227421466417304,0.21207995423926781,False,receiver
172,14,True,0.0,False,7,-0.0,0.0206417511424496,0.3146917890820055,0.0,0.0,0.0,0.0,15,0.21587027601550002,0.44814308602058955,0.13864745591186653,0.44330726671092874,False,receiver
173,15,False,3.7883194163111433,False,11,-3.7883194163111433,0.0284757150459804,0.1938341036731279,1.0,1.0,1.0,1.0,12,0.8569125687816243,0.8282781806152729,0.7712907024964897,0.8264795514253905,False,less_than_6A_from_receiver
174,16,True,0.0,False,15,-0.0,0.1249654838929477,0.2979061365829987,0.0,0.0,0.0,0.0,12,2.169540989226026,0.4342324917254532,2.0167116939058563,0.3458191323531088,False,receiver
175,17,False,3.770774588861022,False,22,-3.770774588861022,0.0534610966575602,0.1145097220397171,1.56936,1.53193,1.5497,1.55033,12,1.4594958097383657,2.018321376322843,0.2431188309896591,1.4017851244661461,False,less_than_6A_from_receiver
176,18,False,5.143612543728386,False,21,-5.143612543728386,0.0471744052877335,0.0772708573980972,1.24734,1.24668,1.21425,1.23609,14,0.2469118516723071,0.37067861687228143,0.23546751256201354,0.26609186257022255,False,less_than_6A_from_receiver
177,19,False,5.40507659520196,False,19,-5.40507659520196,0.0473262813412942,0.0647147489372894,0.69729,0.657866,0.662559,0.6725716666666667,12,0.9783177320343075,2.086687854264547,0.17982325757898618,1.7804778584265506,False,less_than_6A_from_receiver
178,20,False,6.000532476372409,True,17,-6.000532476372409,0.0430738654449893,0.0561945528714175,0.778513,0.769247,0.737692,0.7618173333333335,15,0.34156402322533197,0.8288343562084592,0.10318127766083442,0.6762450910791235,True,
179,21,False,4.681934322478265,False,14,-4.681934322478265,0.0403132323869672,0.0513271495185458,0.449366,0.449366,0.449366,0.449366,15,0.24670698149513995,0.6849444568615581,0.18486474903284855,0.5673037355646314,False,less_than_6A_from_receiver
180,22,False,7.878552658959639,True,15,-7.878552658959639,0.0230942786617939,0.0298753325176784,0.635357,0.635357,0.635357,0.635357,12,0.48202873059405,2.0496639791109748,0.45131833352534817,1.9937708054823202,True,
181,23,False,9.095971306023342,True,20,-9.095971306023342,0.0251990765587598,0.0310424394664813,0.989544,0.95531,1.00464,0.9831646666666666,13,0.5469753312711176,2.1361354614644883,0.11391040871101175,1.3622885048831292,True,
182,24,False,10.851239284063364,True,22,-10.851239284063364,0.0031819415113462,0.0045803325145841,0.645702,0.645702,0.645702,0.645702,16,0.5880998426539401,0.6620725898197437,0.06799437430969323,0.4078014255090845,True,
183,25,False,9.18958306997657,True,28,-9.18958306997657,0.0266118459276464,0.0345483066339243,0.914733,0.854041,0.88436,0.884378,14,0.6957455933853236,2.2433578433493238,0.3073392803494361,1.4426682657592709,True,
184,26,False,8.204352503397205,True,19,-8.204352503397205,0.0179239904062958,0.0229016863699353,1.14432,1.0295,1.11516,1.096326666666667,17,0.23927834241319942,0.3957254405599694,0.029491598456861737,0.2722703405914011,True,
185,27,False,6.0790343805574905,True,22,-6.0790343805574905,0.0252269154065679,0.03301973718285,0.952314,0.952314,0.952314,0.952314,14,0.866637917108662,1.9959371473516028,0.26770682366764614,1.5524160455364944,True,
186,28,False,5.829440968051738,False,15,-5.829440968051738,0.0275884613117222,0.0362064357099522,1.0,1.0,1.0,1.0,16,0.18410866586411245,0.7336326980907628,0.07694834780010117,0.5265715056742032,False,less_than_6A_from_receiver
187,29,False,5.253262890813669,False,12,-5.253262890813669,0.0328996171790373,0.0513821285014833,1.0,1.0,1.0,1.0,14,0.5312175400371857,1.9623187042417638,0.15874954601904256,1.268685627110404,False,less_than_6A_from_receiver
188,30,False,5.670238972036363,False,15,-5.670238972036363,0.0372975037532271,0.075367584909453,1.2262,1.22757,1.17943,1.2110666666666667,15,0.259468903431678,0.41734242408669925,0.11775763393762535,0.26275192680280746,False,less_than_6A_from_receiver
189,31,False,3.770566800893467,False,13,-3.770566800893467,0.0423930659821084,0.0888501242257352,0.987057,0.987652,1.02514,0.9999496666666666,13,0.24874918537460766,1.275183493429668,0.09536977470445988,0.7285925465495404,False,less_than_6A_from_receiver
190,32,True,0.0,False,12,-0.0,0.1257495477504222,0.269698518582564,0.0,0.0,0.0,0.0,13,0.8178839194409863,1.3355124231361448,0.6569485432697885,0.8525937370118764,False,receiver
191,33,False,3.800819648444268,False,9,-3.800819648444268,0.0437196225433689,0.147872043533214,1.28385,1.31214,1.31715,1.30438,16,0.2553429316853437,0.6599470854055332,0.09318491638699729,0.5647655930320002,False,less_than_6A_from_receiver
192,34,True,0.0,False,11,-0.0,0.1046038210276342,0.2779807545303867,0.0,0.0,0.0,0.0,16,0.6821561527742213,0.26654881575399564,0.45963706541269417,0.3347331281853903,False,receiver
193,35,True,0.0,False,14,-0.0,0.1547483282159601,0.2770802883517839,0.0,0.0,0.0,0.0,14,1.8174152792292233,0.723663944806641,2.028073724811796,0.6278216415240584,False,receiver
194,36,False,3.8016041350987617,False,19,-3.8016041350987617,0.0640101181185092,0.1055740847586247,1.51659,1.48135,1.47506,1.491,12,0.5089599090126776,1.4936067365673174,0.5420396199492797,1.0384977459317883,False,less_than_6A_from_receiver
195,37,True,0.0,False,20,-0.0,0.2035337562541428,0.2664785212974335,0.0,0.0,0.0,0.0,13,0.6105633888042923,0.6226572946066538,0.35302562318298636,0.5469304042431965,False,receiver
196,38,False,3.766619439231947,False,23,-3.766619439231947,0.0433906332628497,0.0580283203193664,1.02023,1.0119,1.01468,1.0156033333333332,13,1.1081249046374355,2.575887987337246,0.3612708925266562,2.4514809004742086,False,less_than_6A_from_receiver
197,39,False,7.081541922491175,True,23,-7.081541922491175,0.0263693533074778,0.0337684049757436,1.00968,1.01326,0.997559,1.006833,12,0.20338032189037,0.60331653198879,0.20892918700843624,0.4409726150956565,True,
198,40,False,10.515622187963965,True,17,-10.515622187963965,0.0019716946748835,0.0026489087688181,1.03686,1.04383,1.09799,1.05956,10,0.27935023522512004,1.240030162500087,0.2153193165124096,0.9231347811134689,True,
199,41,False,11.4883345181101,True,13,-11.4883345181101,0.0020538267606693,0.003642449359317,1.21227,1.20586,1.19719,1.2051066666666663,16,0.5605927842969,1.13849506918881,0.1530818445535168,0.43539073081082624,True,
200,42,False,12.74834106854692,True,5,-12.74834106854692,0.0004528443371102,0.0013436182315086,1.2233,1.13038,1.23298,1.1955533333333332,14,0.23949098109981426,1.4636181577010434,0.08440761736553086,1.2392555651101382,True,
201,43,False,9.287506554506436,True,12,-9.287506554506436,0.0121751611051907,0.0196290634521354,1.25313,1.2389,1.25594,1.2493233333333331,12,0.36315267669261253,0.49305002915699997,0.09288787007426658,0.37985748260564534,True,
202,44,False,7.186368971880027,True,18,-7.186368971880027,0.0272571765671847,0.0359222206015138,1.31642,1.30421,1.31642,1.31235,14,0.16469903308157144,0.6294979518745716,0.10005382292517402,0.5175663734834846,True,
203,45,False,3.795490350402699,False,19,-3.795490350402699,0.0451146111057392,0.1170442498821324,1.25644,1.23817,1.2224,1.2390033333333332,16,1.9775814817837336,1.9745700356824685,1.2775004969160682,1.8514006555201719,False,less_than_6A_from_receiver
204,46,True,0.0,False,22,-0.0,0.1864995144690204,0.2674937162715492,0.0,0.0,0.0,0.0,12,0.5803765990660499,0.34702271042808003,0.2810578890252272,0.2880424068643235,False,receiver
205,47,False,3.785141212689429,False,28,-3.785141212689429,0.0785991582799303,0.1361130206142953,1.22901,1.20396,1.23357,1.22218,11,0.51851335024599,2.2975512702725727,0.27431932214638804,1.837765133602265,False,less_than_6A_from_receiver
206,48,True,0.0,False,15,-0.0,0.1822601476915032,0.2746731722963885,0.0,0.0,0.0,0.0,11,0.8804381771216534,1.1196239613811583,1.0950439936411513,0.9061101260179382,False,receiver
207,49,False,3.793209722649145,False,21,-3.793209722649145,0.0694147496067669,0.1274500735632088,1.34932,1.34621,1.31661,1.3373799999999998,15,0.5759978314886199,0.8796441314025691,0.3044602577949892,0.6256020228690321,False,less_than_6A_from_receiver
208,50,True,0.0,False,13,-0.0,0.1559615094906674,0.274269018946419,0.0,0.0,0.0,0.0,16,0.5677285100445324,0.31375377646878183,0.590755967973662,0.3055158787865381,False,receiver
209,51,True,0.0,False,19,-0.0,0.2066779675109563,0.2736077121265917,0.0,0.0,0.0,0.0,14,1.5698674584813965,0.6050382595918844,0.4317089389951754,0.2938118094162005,False,receiver
210,52,False,3.7872301223981615,False,22,-3.7872301223981615,0.0549044225842834,0.0763747575568413,1.03015,1.01395,1.01269,1.01893,14,0.8008180725357129,1.7328302856829545,0.11855612371966236,0.9369310617234005,False,less_than_6A_from_receiver
211,53,False,7.104047156375019,True,16,-7.104047156375019,0.0297350261288131,0.0464065004781027,1.04602,1.02013,1.04833,1.03816,13,0.5482786528243431,0.4592356144142746,0.16714341851632714,0.1467092717456679,True,
212,54,False,10.507808905761468,True,13,-10.507808905761468,0.0019086343982456,0.003857310402919,1.02134,0.997014,1.03137,1.0165746666666666,13,0.20010689415780003,0.1934990570145923,0.07206261809176166,0.17702674448667907,True,
213,55,False,13.137287619596368,True,11,-13.137287619596368,0.0012513249093028,0.002374780471177,1.0796,1.14717,1.06826,1.0983433333333334,14,0.23943477440502853,0.16388996028741856,0.21541697681918995,0.1615011282154654,True,
214,56,False,16.30007098144054,True,6,-16.30007098144054,0.0004713371594588,0.0017111574868672,0.853261,1.21103,1.06658,1.0436236666666667,15,0.11286740033117999,0.335088849544226,0.10623653028487828,0.3048532208319458,True,
