model,canonical,gaussian,harmonic,candidate_in_own_geometry
1,159,0.0016720733454979873,0.004702311610953839,True
1,160,0.0018086207334351227,0.002663538013258934,True
1,161,0.01704194727137574,0.022527784243349377,True
1,162,0.025123840689989702,0.03152907038336166,True
1,163,0.0493595007893649,0.06458572167990714,False
1,164,0.04960894814945941,0.06449701192833839,False
1,165,0.20428119330935368,0.26726299679057564,False
1,166,0.060074771938821526,0.08383315834690935,False
1,167,0.19856151519143025,0.2739780162291149,False
1,168,0.15678134905112967,0.2748756092396302,False
1,169,0.0540822582872587,0.14184709704925036,False
1,170,0.11383007252462901,0.28441625507171403,False
1,171,0.09894824208377075,0.2998253591766146,False
1,172,0.043883540500910145,0.2981993933600704,False
1,173,0.03952568575689127,0.16205718818579698,False
1,174,0.16631309383553972,0.2839959860044389,False
1,175,0.0591564489580733,0.10234427056789291,False
1,176,0.048150370654909264,0.07412591772850133,False
1,177,0.04661237352384817,0.06272156340240513,False
1,178,0.04315396760637381,0.055567399341698236,True
1,179,0.04108909871010634,0.05233514803998324,False
1,180,0.02337551593854173,0.0298481948812607,True
1,181,0.025229519902281505,0.03099637915915224,True
1,182,0.003226166086564599,0.0045338116891219344,True
1,183,0.026512989063782237,0.03430775587330174,True
1,184,0.018956562601473062,0.02465554409005088,True
1,185,0.02555652517406657,0.03350218163915906,True
1,186,0.026980402874423506,0.034921638595045094,False
1,187,0.0334055458352748,0.05139434899844719,False
1,188,0.037867350271319246,0.07725162857133253,False
1,189,0.042869273366732054,0.08530811106773344,False
1,190,0.12341082817838904,0.2693142443849146,False
1,191,0.042883984771427096,0.1481345039214256,False
1,192,0.10368976170591498,0.2777737216951628,False
1,193,0.15500162702699208,0.2768058487564444,False
1,194,0.06399893419390394,0.10535114474235596,False
1,195,0.20511128757618396,0.2658601118494302,False
1,196,0.04642900827575709,0.061486898218802925,False
1,197,0.025734116514276286,0.0329407434078395,True
1,198,0.002116031612725857,0.0029136323599688947,True
1,199,0.0023256433992021267,0.003953986206927139,True
1,200,0.0005867420950535505,0.0015391617861358572,True
1,201,0.014869738748700604,0.02296421182862145,True
1,202,0.02824874112296026,0.03731803702463341,True
1,203,0.05038429423951211,0.0947424796882336,False
1,204,0.16785159561116714,0.2766851705842056,False
1,205,0.08192181864870773,0.13507039983324928,False
1,206,0.18232182220469398,0.27426130662449044,False
1,207,0.06793121647938483,0.12592668654385034,False
1,208,0.15858427612144527,0.27376919601534566,False
1,209,0.20733521526915102,0.2730872627771805,False
1,210,0.055764880686826994,0.07694772508663435,False
1,211,0.03119630230306002,0.04785709079578079,True
1,212,0.0022731414629514426,0.00426923967180386,True
1,213,0.0010336342796032937,0.0018017597073876482,True
1,214,0.000307978784477762,0.001129262111038459,True
2,159,0.0017835809121936272,0.005027870973101085,True
2,160,0.0019953015029846185,0.003030150606980391,True
2,161,0.01451713528009811,0.020459906617327363,True
2,162,0.01637499744938298,0.022074788900677517,True
2,163,0.04791808337619375,0.06352985233559515,False
2,164,0.04915762880573384,0.064469374054816,False
2,165,0.2037859824168441,0.2672205299287038,False
2,166,0.0602673302159583,0.08431629579603422,False
2,167,0.19767430572043446,0.27432197692210564,False
2,168,0.15845481793826732,0.2751398884245425,False
2,169,0.05668495239309282,0.13921348207060769,False
2,170,0.12089231821228168,0.2842469838829256,False
2,171,0.1114397757020994,0.29830331319369024,False
2,172,0.056125073415695725,0.297401734044518,False
2,173,0.04442980279055344,0.1524368290351693,False
2,174,0.17005842184422446,0.2817692125671626,False
2,175,0.058910404890794896,0.09657528214816355,False
2,176,0.047562344897019784,0.07276919958627792,False
2,177,0.04204771870859408,0.057358377986393476,False
2,178,0.03984801700282808,0.05212057430656633,True
2,179,0.04115753820362142,0.052552969800691955,False
2,180,0.022947410797577037,0.02943057652927971,True
2,181,0.02505337701411878,0.030720573919907748,True
2,182,0.002848179318463599,0.004166741960246894,True
2,183,0.026583839371317274,0.03502002824158146,True
2,184,0.018034271346324723,0.022914435619774506,True
2,185,0.02520738088791191,0.032889406161148015,True
2,186,0.023345955634326464,0.030810829387524122,False
2,187,0.032097977292412656,0.05032117628884844,False
2,188,0.03777799294226236,0.07729540514113739,False
2,189,0.042506703139771486,0.08520977555921783,False
2,190,0.11987015707565105,0.26967985108111686,False
2,191,0.04159561337783242,0.15199364298858112,False
2,192,0.10445039659394958,0.27831798589742646,False
2,193,0.15432816676085873,0.27734889527945145,False
2,194,0.06466333017661824,0.10491509946736743,False
2,195,0.20578185708927293,0.26592478247998885,False
2,196,0.04315996900747276,0.05782206368330359,False
2,197,0.027983042945094964,0.035706863807100364,True
2,198,0.002293529218155792,0.0030827023610624444,True
2,199,0.002522875919882492,0.00364546929856473,True
2,200,0.0015323036651999232,0.002259816914446438,True
2,201,0.018938874521337752,0.02852502868740686,True
2,202,0.029822150651589274,0.03856170494639234,True
2,203,0.05103272019863487,0.09036370610476238,False
2,204,0.1713572146130365,0.2782586698703428,False
2,205,0.0824438460983826,0.13614484647576203,False
2,206,0.182173397782284,0.27481673995624484,False
2,207,0.06941715107016595,0.12902168319505206,False
2,208,0.15307378942675925,0.27489240897636164,False
2,209,0.20105051047519867,0.27398468648388674,False
2,210,0.0544854941777238,0.07642417114674044,False
2,211,0.02391144239747955,0.03839253084983443,True
2,212,0.0014609903417686224,0.0039834866795426475,True
2,213,0.000667249203640055,0.0021000332308542175,True
2,214,0.00022402959274477066,0.0021849897224850245,True
3,159,0.001993494744580983,0.0056563307249431,True
3,160,0.0017298253432718187,0.0029483004065250407,True
3,161,0.016455753874166885,0.02215536907507273,True
3,162,0.019597927632903727,0.025631143994276132,True
3,163,0.04801231618444932,0.06298985253519236,False
3,164,0.04990421725588592,0.06498834004530646,False
3,165,0.2043636179831777,0.26723332644542863,False
3,166,0.059505512439972236,0.0836991056485035,False
3,167,0.19319537678987783,0.27388546486792587,False
3,168,0.14702334039326379,0.27694691904102,False
3,169,0.05435416359087662,0.13575824666228065,False
3,170,0.10568843528744874,0.2842615170611268,False
3,171,0.11067942455992956,0.2957501269538429,False
3,172,0.07058685685492351,0.28922961250808704,False
3,173,0.03793207619643353,0.16617847046128337,False
3,174,0.1545531229717817,0.28017044515342365,False
3,175,0.05570290774270102,0.0940267898992519,False
3,176,0.047988590866203995,0.09011568925484474,False
3,177,0.04719948408092728,0.06446212569806548,False
3,178,0.04262724153471962,0.055659497130471136,True
3,179,0.04110557495489891,0.052587745278526665,False
3,180,0.023945716864172524,0.030889494906158332,True
3,181,0.025044930204254703,0.030810878713985978,True
3,182,0.003014914767606134,0.004265109804836498,True
3,183,0.02678871262085732,0.035009237365306464,True
3,184,0.01757152816520522,0.022663223126491043,True
3,185,0.02641812721106763,0.03458718539946389,True
3,186,0.028299873547132596,0.03820121410354675,False
3,187,0.0328208439230819,0.05452321280004035,False
3,188,0.03839605957079447,0.07887497826324823,False
3,189,0.04386809083915492,0.08168813834995459,False
3,190,0.12275981465600436,0.2696907758140794,False
3,191,0.04319917930812479,0.14949549317302133,False
3,192,0.1068981214880277,0.2776455765163434,False
3,193,0.155850208116137,0.276975790962321,False
3,194,0.06431470783238048,0.10499508215647123,False
3,195,0.2046249854397967,0.26583871539712584,False
3,196,0.046055623738475736,0.06122531158176513,False
3,197,0.02777681637464729,0.03520609025931587,True
3,198,0.0025814856988728954,0.003740894924874691,True
3,199,0.0025876413476688628,0.003865004385264311,True
3,200,0.0012417802269748498,0.002071782169342572,True
3,201,0.018244337566172067,0.026451349636772533,True
3,202,0.029273964699641435,0.03916687249981079,True
3,203,0.05006716595951956,0.08504649407680805,False
3,204,0.18131883134320162,0.27011094072347724,False
3,205,0.07964355789801456,0.13677784008091182,False
3,206,0.18386975478200124,0.27515804872674554,False
3,207,0.06761895115573065,0.12403406145130691,False
3,208,0.16017924340266534,0.273675066322248,False
3,209,0.20700363512736178,0.2731093585824547,False
3,210,0.056624665957923356,0.07786345445549536,False
3,211,0.029953636128967693,0.046232109729141234,True
3,212,0.002111637624456771,0.0045017658716547376,True
3,213,0.0009228180381346959,0.0023208555790113243,True
3,214,0.00037771102641319577,0.001860780419424865,True
4,159,0.0019679870005035877,0.005710145339646344,True
4,160,0.001877285457750923,0.0028480933563706846,True
4,161,0.017433814637742715,0.0231377589098366,True
4,162,0.02060358463637877,0.026742278035082154,True
4,163,0.04989919417293889,0.06541688761576014,False
4,164,0.05058974723174454,0.06650908144726687,False
4,165,0.20404055328020862,0.26706759726543977,False
4,166,0.05989499803905847,0.0842396811802284,False
4,167,0.18950485174245804,0.27405556555943633,False
4,168,0.14685504878454014,0.277489453276733,False
4,169,0.05678737556225302,0.13512720470924447,False
4,170,0.11412603277339434,0.2834345405049572,False
4,171,0.11940542488079754,0.29327578715552804,False
4,172,0.08227542334744802,0.2866768197372571,False
4,173,0.0411403041662712,0.15955049973830962,False
4,174,0.15230249696704415,0.277535117930275,False
4,175,0.05877503680867476,0.09687255577623646,False
4,176,0.0485517527477066,0.0902217537772133,False
4,177,0.04764161282403478,0.06656211145847941,False
4,178,0.0398114800129056,0.05399488576167486,True
4,179,0.04146228183079324,0.05325538259470155,False
4,180,0.023941681844344285,0.030903637487885802,True
4,181,0.018633258582887308,0.022690960453582185,True
4,182,0.0030414976843087266,0.004288754781917107,True
4,183,0.026286650287660113,0.03435606064368258,True
4,184,0.01862919063409139,0.02410816967314824,True
4,185,0.026588870730485322,0.03458727282618948,False
4,186,0.029442713259853388,0.040526524995524664,False
4,187,0.0308120228237861,0.053045411174145476,False
4,188,0.03594934958193109,0.07453233461174452,True
4,189,0.04328964072307791,0.08612665077204253,False
4,190,0.1319979462711812,0.2692353046035864,False
4,191,0.04469283710553663,0.1449353191880617,False
4,192,0.10585525908418877,0.27771610649108186,False
4,193,0.15715277682597986,0.27692326015357926,False
4,194,0.06651506034316741,0.10623459919996205,False
4,195,0.20026076350756636,0.2649963839344721,False
4,196,0.047182153570969346,0.06422103522443799,False
4,197,0.025532739618286233,0.03252240745077887,True
4,198,0.0023438539906141037,0.003550707151081192,True
4,199,0.002149309748196684,0.003861890310592822,True
4,200,0.0005966852054670406,0.0019651885446228135,True
4,201,0.014545342210297955,0.02202685996573126,True
4,202,0.028253404863624272,0.03862834693411418,True
4,203,0.05056147784619607,0.08336746838971272,False
4,204,0.18243828480938062,0.26843994969137114,False
4,205,0.07978194307839927,0.13491852408052052,False
4,206,0.18509142017848848,0.2742114769593763,False
4,207,0.0692643801930961,0.12526856074706713,False
4,208,0.1590410969731609,0.2739164920716455,False
4,209,0.20579400709817472,0.2730589969961878,False
4,210,0.05541960457128445,0.07663661545837036,False
4,211,0.029259935607482548,0.04560346042951893,True
4,212,0.0022677525830441937,0.004441903362195834,True
4,213,0.0008916124074027072,0.0017195543727050724,True
4,214,0.00030826320067649015,0.0013411370424841903,True
5,159,0.0019343709010628104,0.005289072325178019,True
5,160,0.002109180951299639,0.0032847161324435436,True
5,161,0.015178964708109042,0.021149339630507247,True
5,162,0.017179003821087436,0.022940176610016863,True
5,163,0.048896787756994076,0.06471225706105538,False
5,164,0.05037656264701027,0.06625654729096683,False
5,165,0.20260318809050157,0.2678533979349234,False
5,166,0.059215998305973586,0.08361328678417275,False
5,167,0.1886238157562971,0.2738684827758342,False
5,168,0.14668885865589845,0.27744423029853066,False
5,169,0.05256907085652878,0.13888383811056432,False
5,170,0.09849854407698383,0.28621349116122596,False
5,171,0.10665988616051421,0.298868864801398,False
5,172,0.06565826861047244,0.2933797256206999,False
5,173,0.03720898208621619,0.1737773986248466,False
5,174,0.14141669076068328,0.2817794681034213,False
5,175,0.05798792813195627,0.10172867180511902,False
5,176,0.04705719909964158,0.09155872640007004,False
5,177,0.046987241380423456,0.06562748131822708,False
5,178,0.04269948562641718,0.05666817311543928,True
5,179,0.040324632508047395,0.05178809107041801,False
5,180,0.023316773209048878,0.030222562437544318,True
5,181,0.018192809247330494,0.02216832108738736,True
5,182,0.003013968285181395,0.004434918153390334,True
5,183,0.025799237176068187,0.03357741438172189,True
5,184,0.01779814371654459,0.022356086711827563,True
5,185,0.025372536699116672,0.03295222423005957,True
5,186,0.02710871423441463,0.035077717510014435,False
5,187,0.034273551431881995,0.05173215522350836,False
5,188,0.03784597353546487,0.07410959607849206,False
5,189,0.04237462948406935,0.0892368404857267,False
5,190,0.12861492991284768,0.26940672601296656,False
5,191,0.045780529308249454,0.14599262308081612,False
5,192,0.11074916996171388,0.2776785419257123,False
5,193,0.15831746876903866,0.27696150347647314,False
5,194,0.0660255831641711,0.10553854416454626,False
5,195,0.20516100208661137,0.26632852705557164,False
5,196,0.045223047943046525,0.05998716903869577,False
5,197,0.025964840097659894,0.033676103235505885,True
5,198,0.0020094989921266987,0.0032362711702169982,True
5,199,0.00202832280760034,0.003938336498496391,True
5,200,0.0005490228537909673,0.002071863276566162,True
5,201,0.013296968327109124,0.020840910165772164,True
5,202,0.02690097834568973,0.037526627182298385,True
5,203,0.043430597428932724,0.06487765414640272,False
5,204,0.17885573034994748,0.2709822821048322,False
5,205,0.07862608301405925,0.13602861108482642,False
5,206,0.1844712419189039,0.27451094584641833,False
5,207,0.070135220808885,0.1267063881210811,False
5,208,0.15859932895746987,0.27417428012592604,False
5,209,0.20641891770086854,0.2737297384644798,False
5,210,0.0542302618578393,0.07582462380831241,False
5,211,0.024261295359535123,0.03899508620082401,True
5,212,0.001515054318853795,0.003780575192658788,True
5,213,0.0007742856346009753,0.0019182789328116019,True
5,214,0.00021034567309273416,0.0017414384502642557,True
6,159,0.0018134313398254684,0.005701129498044238,True
6,160,0.0016294456377505847,0.002879143934384395,True
6,161,0.0151660508870182,0.020768268609867933,True
6,162,0.02453410442857791,0.03108556810613971,True
6,163,0.04931770132679016,0.06362816188692295,False
6,164,0.050435151575758425,0.06568083199258196,False
6,165,0.2045012459364064,0.26816129025035557,False
6,166,0.06002725564104205,0.08279944562460129,False
6,167,0.19663714674059088,0.2743254689973268,False
6,168,0.15033019385617188,0.27466378530766644,False
6,169,0.05649490118520098,0.14174746860388807,False
6,170,0.07730087202002515,0.28925295267857787,False
6,171,0.11517602584805328,0.2987359764408706,False
6,172,0.06628438795607226,0.29543263514258594,False
6,173,0.046730259488428405,0.1483487404214764,False
6,174,0.16787486596895257,0.28152079043158007,False
6,175,0.059926016189111364,0.09757729002687308,False
6,176,0.05001836288650439,0.08149725500974073,False
6,177,0.04760137670988912,0.06439341891736458,False
6,178,0.04322028666182026,0.05592938199369377,False
6,179,0.04041614658799206,0.05141392914288502,False
6,180,0.023375826480670003,0.0301014109164908,True
6,181,0.02523421158611269,0.030986109624456408,True
6,182,0.003031768440147816,0.004394018561854913,True
6,183,0.029344815743665414,0.03803140072999834,True
6,184,0.018103795252780178,0.02285491207335447,True
6,185,0.025314152448467443,0.03264420034739971,False
6,186,0.029456790527260083,0.04071040411169474,False
6,187,0.030554422704131994,0.052584857537965234,False
6,188,0.03621320228680938,0.07389562919357573,True
6,189,0.043273945460874,0.0856559480845377,False
6,190,0.1320239624118813,0.26918259429594066,False
6,191,0.04611703296748528,0.14464220868213698,False
6,192,0.11303563321335339,0.27742282714316124,False
6,193,0.15991932373840295,0.2766474365511914,False
6,194,0.06559781948228845,0.10375591147375879,False
6,195,0.20181578974067327,0.2651733391414843,False
6,196,0.05105605540707999,0.06806312620352747,False
6,197,0.025140480952291416,0.030820829754642644,True
6,198,0.0022009908733073838,0.0029356001219269815,True
6,199,0.0023259543076135617,0.004086693795741086,True
6,200,0.0005371121528350463,0.0014902323495460269,True
6,201,0.014429964652495367,0.022578026760455883,True
6,202,0.028474682564840106,0.037199759540867475,True
6,203,0.052658610433849194,0.08961991306973595,False
6,204,0.18096282283277637,0.2749904626080979,False
6,205,0.08165068494992972,0.14193084788970556,False
6,206,0.19255446850844185,0.27458838002658686,False
6,207,0.0703283041361492,0.12503467784395741,False
6,208,0.15877401774422514,0.27437807138447995,False
6,209,0.20810883497332172,0.2739196571224347,False
6,210,0.05488090959950106,0.07508594006580233,False
6,211,0.02513910542664946,0.039686228297744444,True
6,212,0.0014850899161489317,0.0035392917941985593,True
6,213,0.0006864325351424221,0.0017651627062938923,True
6,214,0.00017495450400254763,0.0014810408553850522,True
7,159,0.002025526039357435,0.005107073972217641,True
7,160,0.0015113235082587445,0.0027695163402204296,True
7,161,0.013141100637722107,0.017899113155191212,True
7,162,0.024978587633975112,0.03134659708452586,True
7,163,0.05022937596065333,0.06507939870190076,False
7,164,0.05086932629706916,0.06587490508182285,False
7,165,0.2055270485003657,0.26792412299724533,False
7,166,0.060694060610263306,0.08339491058221535,False
7,167,0.20013875064713363,0.27389303952767347,False
7,168,0.15972513780434108,0.27484832525847874,False
7,169,0.06554871502957993,0.1301413258959155,False
7,170,0.13118199874507283,0.2821384164994815,False
7,171,0.14129594854568525,0.2903969584125994,False
7,172,0.09680751689570122,0.2886486302297414,False
7,173,0.056861886729399375,0.13874830716492906,False
7,174,0.17881902555119047,0.27778371610128955,False
7,175,0.06240514544209151,0.09241813299617331,False
7,176,0.052385274408342675,0.07977895449829396,False
7,177,0.04843636889421363,0.06502557294027064,False
7,178,0.04385477371979071,0.05656289220716601,True
7,179,0.040844189166926156,0.051887702873856904,False
7,180,0.023479256870638652,0.030103594589389986,True
7,181,0.025343664372730938,0.031031483577087758,True
7,182,0.003054944884455781,0.004321784290086203,True
7,183,0.029510131704172847,0.038239655505313115,True
7,184,0.017897902929243568,0.022428119176039485,True
7,185,0.02489432733853822,0.03171737554273008,False
7,186,0.027249388988748017,0.0352309144276306,False
7,187,0.034235732355004087,0.05176828551450634,False
7,188,0.03805365497513647,0.07279627946097139,False
7,189,0.04125826689172483,0.09052690957044465,False
7,190,0.12541633934216084,0.26961208696623806,False
7,191,0.04427942607003986,0.15043506759774491,False
7,192,0.12199378991170146,0.27635234991529006,False
7,193,0.16744710677815058,0.2764509083067018,False
7,194,0.06569758628552522,0.10350273811307885,False
7,195,0.20585594557236667,0.26674998377504344,False
7,196,0.042615638437277815,0.055949876387168626,False
7,197,0.026290280603793854,0.03285035788997403,True
7,198,0.002180564882729521,0.002820989464281266,True
7,199,0.0019279896211368275,0.003600824738977485,True
7,200,0.0003992642769840108,0.0014077235987917786,True
7,201,0.013308540161280094,0.020188094988050662,True
7,202,0.02835670480666964,0.036539655075968874,True
7,203,0.05469238449531005,0.08651042610764334,False
7,204,0.18651875372712853,0.27807095957093736,False
7,205,0.08640781403508382,0.1366122279803393,False
7,206,0.1866491335186503,0.2748602994362976,False
7,207,0.06773905797871504,0.11668548148077462,False
7,208,0.161246281769022,0.2724911665281631,False
7,209,0.20863711591563427,0.2726598135373354,False
7,210,0.06258269842325259,0.0897528042378985,False
7,211,0.021385179963206394,0.03382168770877504,True
7,212,0.0013723695263374337,0.003374116409603689,True
7,213,0.00041396187098376093,0.0014413768631950808,True
7,214,9.673718123261493e-05,0.001418263228401971,True
8,159,0.0023477453807185873,0.00598704948836838,True
8,160,0.0017974998440643567,0.0029815452927300125,True
8,161,0.01736389399411022,0.023236947785373493,True
8,162,0.021992527371054713,0.02811865388936497,True
8,163,0.04837111389679729,0.06272356321834824,False
8,164,0.04968241200288676,0.06419913168587611,False
8,165,0.2065787238109963,0.2671012544421287,False
8,166,0.060268466529912364,0.08284381781133131,False
8,167,0.19779666121585512,0.2744160552052653,False
8,168,0.15275576206617583,0.27501561671330077,False
8,169,0.061967966247329025,0.13254163469654917,False
8,170,0.11714384702099373,0.28300577926120557,False
8,171,0.13032820812434534,0.2926227419117301,False
8,172,0.0756675955137566,0.29114110431124596,False
8,173,0.05042985020931177,0.14366200919687044,False
8,174,0.17446469835186507,0.27871161004729794,False
8,175,0.060742444723678804,0.09393262191704159,False
8,176,0.050892641260240214,0.07966746185220744,False
8,177,0.04764761245056134,0.06425882808792943,False
8,178,0.04307566206820074,0.055478356974742786,True
8,179,0.04138345129354906,0.05231252833264827,False
8,180,0.023352869963565646,0.02972418449397363,True
8,181,0.025374917735470202,0.03104884776171778,True
8,182,0.0030530019094677243,0.004345344561889823,True
8,183,0.029060723804298493,0.03791655053862692,True
8,184,0.018339536026317133,0.023338952824443253,True
8,185,0.025428457066899425,0.03262433729645799,False
8,186,0.027983742831849862,0.037504230824485355,False
8,187,0.03298813469582457,0.05294509288761273,False
8,188,0.037213744865545115,0.07653327100132885,True
8,189,0.042252058286042955,0.08579808371820391,False
8,190,0.12480986096616332,0.26897434464996306,False
8,191,0.044433113637216436,0.14637553140198462,False
8,192,0.10939753965271214,0.27716293273434484,False
8,193,0.15651052684327646,0.2761536107256851,False
8,194,0.06499302623280084,0.1042785355202415,False
8,195,0.20455628479233007,0.2660731707068946,False
8,196,0.046030487070442765,0.06077325190475021,False
8,197,0.024522295584086574,0.030333692987921327,True
8,198,0.0022540207759722116,0.0030323280320952396,True
8,199,0.001928937826213051,0.003329492342907155,True
8,200,0.00040367936583547156,0.0012217402441124254,True
8,201,0.01322564841156071,0.020171505074918286,True
8,202,0.02801395466601687,0.03661024749816597,True
8,203,0.05311901422265578,0.08807055408522482,False
8,204,0.18136949221294776,0.27545942769413584,False
8,205,0.08443121232918165,0.13598409163563832,False
8,206,0.18386621949573667,0.27415897604570316,False
8,207,0.06747720882548996,0.12431021976593663,False
8,208,0.1590158346496029,0.2737831852783775,False
8,209,0.2076183647374822,0.27296936717704756,False
8,210,0.055884016373604926,0.07672015913686285,False
8,211,0.030352932287619518,0.04621969069457647,True
8,212,0.002195468606609932,0.004308039067664627,True
8,213,0.001209109717536605,0.0021968588409533953,True
8,214,0.00039662110468627256,0.0014747704762452427,True
9,159,0.002142674717694702,0.00524139009574739,True
9,160,0.0011095564158974476,0.003013824009456819,True
9,161,0.009000370099422464,0.012846023298144837,True
9,162,0.024802205944070618,0.03105468324931285,True
9,163,0.04943420709273014,0.06481862713916993,False
9,164,0.04977483425427649,0.06479112450977051,False
9,165,0.20360243217893625,0.2674028084975619,False
9,166,0.059499799717510654,0.08384150333419149,False
9,167,0.19360713583934064,0.2747455690121395,False
9,168,0.15330779250078694,0.2763126885549103,False
9,169,0.052954904376017325,0.1395512381766503,False
9,170,0.10147843599135654,0.28604258272647626,False
9,171,0.10607235916945743,0.30285275954013574,False
9,172,0.04883778010803008,0.3029201454814289,False
9,173,0.03960665681408145,0.16918467580742888,False
9,174,0.16620867657783664,0.28694710178155386,False
9,175,0.05755799217524718,0.10689898192191061,False
9,176,0.04933260752238358,0.0793414566048474,False
9,177,0.045919428855123214,0.06307709202904191,False
9,178,0.043474257696513946,0.05692676735336335,True
9,179,0.041177670397971336,0.05275758242256185,False
9,180,0.02306059483458509,0.029454836999892497,True
9,181,0.018431771222072544,0.022414116945419667,True
9,182,0.0030127443560618024,0.004269801775000035,True
9,183,0.029669745975341572,0.0384669839322021,True
9,184,0.018539517817757065,0.023477248990867183,True
9,185,0.026451029320401498,0.03401221625617287,False
9,186,0.029404149666961015,0.039616155145888156,False
9,187,0.030642749477928558,0.052165496366678714,False
9,188,0.03829910084376082,0.07830717465073839,False
9,189,0.04358049745861682,0.08053777790190901,False
9,190,0.12247080905873439,0.269931822701625,False
9,191,0.042449308327822906,0.15139390843303452,False
9,192,0.10666123996879895,0.2781352118035252,False
9,193,0.15513613874667992,0.27721021371414806,False
9,194,0.0644384213727564,0.10365832088445788,False
9,195,0.20437901678118306,0.26519847320662454,False
9,196,0.04608958268387298,0.06084594029157159,False
9,197,0.0248604950279115,0.03092393512405997,True
9,198,0.002137434578809116,0.0029917122864192305,True
9,199,0.0016724737078988121,0.0034235002528763465,True
9,200,0.0004149462139390501,0.0014900695862144547,True
9,201,0.01255801421118672,0.019085849717243003,True
9,202,0.02787236288742008,0.03607439146006032,True
9,203,0.050852032141590585,0.08819803356979102,False
9,204,0.18363970821137096,0.2771027443063684,False
9,205,0.08090742153161878,0.13902723434609343,False
9,206,0.1857223065995095,0.27549612845403715,False
9,207,0.06810157764830871,0.12561475669407954,False
9,208,0.15979571074932483,0.274196894153522,False
9,209,0.20723675050496124,0.27345248566472036,False
9,210,0.05549804808330567,0.07636267038766523,False
9,211,0.019547854087594112,0.030831156080030665,True
9,212,0.0010008392954091061,0.003303676472482633,True
9,213,0.00021618908518054012,0.0015583464238878833,True
9,214,6.895082893915147e-05,0.001755904081936354,True
10,159,0.001884074613705944,0.0050613348679839285,True
10,160,0.0018049775749658494,0.0028114229006268344,True
10,161,0.0176917563586404,0.02364143504155224,True
10,162,0.02502411202303336,0.031695789193805356,True
10,163,0.04940626472100468,0.06495031098283574,False
10,164,0.04984014486377253,0.0649430649919475,False
10,165,0.2044464325972136,0.2676863903514784,False
10,166,0.06156435336243967,0.0851162634351518,False
10,167,0.20096967464889906,0.27432691201857357,False
10,168,0.16430952872896912,0.27489875834205574,False
10,169,0.06985027395164618,0.12704503731003478,False
10,170,0.1714752196021231,0.28148247112137387,False
10,171,0.14894515660737953,0.28905263499906325,False
10,172,0.09606093591800567,0.288029116577502,False
10,173,0.05655752531968992,0.1352515457595044,False
10,174,0.18709876839619322,0.2782071916355644,False
10,175,0.0629867189536265,0.09156872501049318,False
10,176,0.053077784048770116,0.07841435799425657,False
10,177,0.04437541028578618,0.06053389909334944,False
10,178,0.04067072880556469,0.053656815700349726,True
10,179,0.040980095260428805,0.05236618269319354,False
10,180,0.02328838166483537,0.029891625306547907,True
10,181,0.025346323713509276,0.031137825547368655,True
10,182,0.0032032142161993967,0.00453169414915684,True
10,183,0.02667558852465437,0.035037733882277974,True
10,184,0.017838932920616595,0.02269874226289733,True
10,185,0.025283731966048724,0.0326402576993624,True
10,186,0.027544251758865188,0.03583894026732568,False
10,187,0.03753071248246089,0.0556939564007858,False
10,188,0.037576300031097826,0.07186201221185129,True
10,189,0.04256489926637749,0.09086528429246075,False
10,190,0.13164841239491554,0.2687960121272238,False
10,191,0.0467847612022913,0.14314866883206348,False
10,192,0.11663646244836494,0.2768068929008223,False
10,193,0.16628248852719207,0.27612303760185064,False
10,194,0.06547022961883968,0.10351018798805542,False
10,195,0.20525168810453837,0.2662940637054283,False
10,196,0.04065786209332381,0.05265324261018075,False
10,197,0.02254970686379877,0.028792953602218417,True
10,198,0.0020667074824469744,0.002713872188989682,True
10,199,0.0020789195194899366,0.0036610297192931425,True
10,200,0.0003983944898939106,0.0012733531759001205,True
10,201,0.01343099001036161,0.019629674968695818,True
10,202,0.028840296184260917,0.03709299716646953,True
10,203,0.054494455095182054,0.08619068253502496,False
10,204,0.18367886941343883,0.2753040037012878,False
10,205,0.08914307654427135,0.13501177903223058,False
10,206,0.18910442382648876,0.27675922761321525,False
10,207,0.06778340736532217,0.12112356641821427,False
10,208,0.1574936927201836,0.27415090521874086,False
10,209,0.2023658212326033,0.27379709959401616,False
10,210,0.05541373523916804,0.07672200426336802,False
10,211,0.031263342430682184,0.04848044788682108,True
10,212,0.002433719087077482,0.004608094543386403,True
10,213,0.001151302904355507,0.002036114187553038,True
10,214,0.0003192608370679736,0.001283427043282063,True
11,159,0.0023959164568768806,0.005631415124734623,True
11,160,0.0016541610771025296,0.0026227811318568868,True
11,161,0.01625106931853007,0.021787589054491803,True
11,162,0.024930636621687773,0.03165631191365087,True
11,163,0.049436729593255534,0.06509240202960773,False
11,164,0.05042502418776093,0.0663989564380718,False
11,165,0.20385197446250644,0.26743567814523195,False
11,166,0.06104910902309992,0.08457952386523482,False
11,167,0.19701168253268117,0.27449438089045225,False
11,168,0.1533223998160492,0.27476903920696505,False
11,169,0.060683538423505,0.13684295171705285,False
11,170,0.1186247466471064,0.2844715276365304,False
11,171,0.1262100366708854,0.29616929957350113,False
11,172,0.06413526727696743,0.29635042758021685,False
11,173,0.04565393804168836,0.15196953841313046,False
11,174,0.16555152404459073,0.28139094366306866,False
11,175,0.05916313480917696,0.09771150060672325,False
11,176,0.05047832520523983,0.08006444741086602,False
11,177,0.04387640170994995,0.06042211333416435,False
11,178,0.04018313125147904,0.053307019226940214,True
11,179,0.04209107551623909,0.054074770552270945,False
11,180,0.02402760898090283,0.030969558809962276,True
11,181,0.025608018689415292,0.031710837433841774,True
11,182,0.0029215658843048135,0.004147453286477242,True
11,183,0.02928245567808129,0.03871192289005467,True
11,184,0.018363645226065144,0.023272383564902473,True
11,185,0.024947798651745,0.031646801569676204,False
11,186,0.02726979542831858,0.03709325706955279,False
11,187,0.03182883491627673,0.05213736682554387,False
11,188,0.037557598404689516,0.07542703599297021,True
11,189,0.042650564309044216,0.08593350739679935,False
11,190,0.1303840410423728,0.26946604773638494,False
11,191,0.04373643024384722,0.14694658627116222,False
11,192,0.10398994754002065,0.2781097202075673,False
11,193,0.1552474392179338,0.2772751675547591,False
11,194,0.06489586333416919,0.10432973727387088,False
11,195,0.20382507521551557,0.26618420189891284,False
11,196,0.0457535230510998,0.06101362879127017,False
11,197,0.023586237445893166,0.029343789609545836,True
11,198,0.0021668473881970383,0.0030281418409163633,True
11,199,0.0020895756601463852,0.003793975377493432,True
11,200,0.00040823300141034084,0.0015718914827956144,True
11,201,0.012056917527631513,0.01715492200604644,True
11,202,0.027323015748609583,0.037507660130946,True
11,203,0.051373650795413374,0.09111245176559307,False
11,204,0.17470070006023114,0.27806695798961284,False
11,205,0.08418846148141754,0.138309485010583,False
11,206,0.18298302800669933,0.2747505189086942,False
11,207,0.06771851034229089,0.12405557363080512,False
11,208,0.1569191018971802,0.2743399168687022,False
11,209,0.201900652467828,0.27365346625452935,False
11,210,0.05525263548967592,0.07654099615819071,False
11,211,0.028026149641695138,0.04401894150200072,True
11,212,0.0019838462495093997,0.0040481673777643225,True
11,213,0.0008070720103351383,0.0017031805045966625,True
11,214,0.0002088559124391268,0.0012478398952846235,True
12,159,0.001950452789357509,0.005191273520010644,True
12,160,0.0019297749505228926,0.00336096456325297,True
12,161,0.01771480834842598,0.023494200501303426,True
12,162,0.02485870821054365,0.03134706855006259,True
12,163,0.047931007336266845,0.06370277461793945,False
12,164,0.04933208363052939,0.06491608247776949,False
12,165,0.20153438434293588,0.26776538980021525,False
12,166,0.06014263816831486,0.0858084044492437,False
12,167,0.18765670662991044,0.2741518028927598,False
12,168,0.1447378307943418,0.27623421886338995,False
12,169,0.05326037088302694,0.13562066015936458,False
12,170,0.1040724309401031,0.28334388043527975,False
12,171,0.11525917493678216,0.2945676354593057,False
12,172,0.07549911998587192,0.288016356353403,False
12,173,0.04052045587562524,0.16326057189501725,False
12,174,0.15229582004574096,0.27792494605794416,False
12,175,0.05864608012332282,0.09751615299865102,False
12,176,0.048219929502091044,0.09144576498739077,False
12,177,0.04193270704050365,0.060502200363643566,False
12,178,0.03962283611754878,0.054175282501367245,True
12,179,0.041001748925780616,0.05287873494864368,False
12,180,0.02277178256828559,0.02921444447717914,True
12,181,0.018183915837520808,0.022154356297890476,True
12,182,0.0028675215445323975,0.004083700157216322,True
12,183,0.03028297877268168,0.03962320772481113,True
12,184,0.01852121290704175,0.02333747371030737,True
12,185,0.027479790851059345,0.03527862539294264,False
12,186,0.030165879095994528,0.04031698933434698,False
12,187,0.02984668235153918,0.04884677536159867,True
12,188,0.03693409047950412,0.07482030275635634,True
12,189,0.045598140422946756,0.08245241101599557,False
12,190,0.13627639781963186,0.26920996005464015,False
12,191,0.046633964587672334,0.14338503852505638,False
12,192,0.1137069609115789,0.27712973388207945,False
12,193,0.16129249478361543,0.2765726071314248,False
12,194,0.06706804531655837,0.10477433039672777,False
12,195,0.20419833896308162,0.26522188499957505,False
12,196,0.046444213097988664,0.06094270431505988,False
12,197,0.0250959791767732,0.03145273987516626,True
12,198,0.002100886572830377,0.0032577830696290024,True
12,199,0.0020964198133536192,0.0038262338270626255,True
12,200,0.0005167823554328493,0.0018387023537372732,True
12,201,0.013705153926262623,0.020483177421867015,True
12,202,0.02796490864878302,0.038056787416373264,True
12,203,0.05044587659044627,0.0836275202976742,False
12,204,0.18906202035336042,0.26847461546496487,False
12,205,0.07947872057243821,0.13532734866993557,False
12,206,0.18559884108904776,0.2742839450108422,False
12,207,0.07011800279082185,0.1239532320308192,False
12,208,0.15626486132942202,0.27450309451020677,False
12,209,0.20218525315257269,0.27407492917366744,False
12,210,0.05534206643305653,0.07715228953004992,False
12,211,0.03091153368312676,0.048111331732042927,True
12,212,0.002354847750875661,0.004483147331926824,True
12,213,0.0012719977522516156,0.002154952819333939,True
12,214,0.0003422953535855571,0.0013140646154702021,True
13,159,0.002065588503960943,0.005448371026268371,True
13,160,0.001845951478689196,0.0030648667189740533,True
13,161,0.0165733300180466,0.0219711000449825,True
13,162,0.024976379155742925,0.03106609118855603,True
13,163,0.0505881953574527,0.06526530139222578,False
13,164,0.051423662509341564,0.06623757500342838,False
13,165,0.20558710114734455,0.2675156245984308,False
13,166,0.06011688838539188,0.08342316502365933,False
13,167,0.19593229620015762,0.2736987350105889,False
13,168,0.15309528377803247,0.27693292225876953,False
13,169,0.05596065365642629,0.13405895702962586,False
13,170,0.113224648340642,0.28470255051326826,False
13,171,0.1121500883806497,0.29744566235722464,False
13,172,0.06617732614008189,0.29302195601648917,False
13,173,0.038160065933687,0.1722866274481367,False
13,174,0.14487328484781212,0.28099071892279087,False
13,175,0.05521437314531026,0.09429432871568331,False
13,176,0.048155790800729376,0.09079460113198161,False
13,177,0.047894196914395566,0.06508515758315021,False
13,178,0.04327123558390921,0.056293310614687515,False
13,179,0.04057944253189801,0.051471517498069434,False
13,180,0.02342915102926607,0.029938173709469728,True
13,181,0.025058767157236456,0.030777190091513335,True
13,182,0.0031873007568282595,0.004496280570959234,True
13,183,0.03001293489069124,0.0389231524234262,True
13,184,0.01814572236228063,0.022903864234641188,True
13,185,0.025724220295449112,0.03252266429385606,False
13,186,0.027798726935785115,0.03633586904735559,False
13,187,0.03446573018106138,0.052508383958072405,False
13,188,0.0374834883455383,0.07368044916882911,True
13,189,0.041871303260280886,0.09412238219734063,False
13,190,0.12687565812442977,0.2699975614853848,False
13,191,0.04540285928390602,0.14602309132784447,False
13,192,0.11086109930779178,0.2779497289996752,False
13,193,0.15888143676095307,0.2774529110287759,False
13,194,0.06773153408031977,0.10780886283295359,False
13,195,0.20424416527087233,0.2673429878963883,False
13,196,0.043826558159707436,0.0566744368856246,False
13,197,0.026193536382979603,0.03343316669805418,True
13,198,0.0020762231091214917,0.0030725404212823657,True
13,199,0.0022626767434470864,0.003694027913185799,True
13,200,0.0007464165426437534,0.0018875292372998321,True
13,201,0.01591524781446868,0.024249453814119994,True
13,202,0.02823085003737748,0.03827708728942247,True
13,203,0.04739081730877569,0.07177011536093712,False
13,204,0.18565744151319086,0.27141293265711625,False
13,205,0.07784703621498208,0.13020015250524514,False
13,206,0.18741728512291322,0.2742996048494193,False
13,207,0.07164760949890518,0.12502775902281674,False
13,208,0.18191734186104283,0.2729103487526766,False
13,209,0.21058673440345185,0.27273362670065293,False
13,210,0.05657807900756819,0.0755015075587044,False
13,211,0.029756723252166627,0.041160490992782864,True
13,212,0.014407571564689177,0.021964265971523463,True
13,213,0.0010270519434734736,0.0021212875294702727,True
13,214,0.0003129690143863327,0.0016244349266439292,True
14,159,0.001960882462767106,0.005773963021474265,True
14,160,0.0012418075191767011,0.0025765460825647097,True
14,161,0.012285495378468993,0.01696430851811082,True
14,162,0.024440037781864835,0.03086524637412617,True
14,163,0.048390465787715255,0.06366050858505717,False
14,164,0.04973593884374157,0.06441102460399584,False
14,165,0.20462204152141614,0.2680674073003944,False
14,166,0.061118437640731264,0.08400654555964096,False
14,167,0.20286759327729567,0.27423450457576354,False
14,168,0.16784385655324408,0.2754040284244983,False
14,169,0.06935911563210542,0.12860894287638522,False
14,170,0.16785247657968952,0.2828683446037292,False
14,171,0.13758179870308965,0.29103988907779954,False
14,172,0.09004367813005056,0.29148429674754156,False
14,173,0.05342283631609085,0.1426824609654366,False
14,174,0.17867364607587974,0.2805553945671317,False
14,175,0.062250058970965694,0.09524048474371696,False
14,176,0.05229562375744437,0.07793055422546552,False
14,177,0.04882170699998362,0.0652644761449142,False
14,178,0.0438929115449717,0.05641163130949342,True
14,179,0.04048962432589279,0.05154475958956069,False
14,180,0.023028369326590154,0.029540415025317568,True
14,181,0.02534762780925727,0.031085039829095763,True
14,182,0.0033018972168056067,0.004667019090850457,True
14,183,0.026025050885620665,0.033990592805743736,True
14,184,0.01876620327849513,0.025646044397684014,True
14,185,0.026222939656906107,0.0347169691394047,False
14,186,0.02438055191499046,0.035896652475285305,False
14,187,0.029705676405248176,0.05422231411464642,False
14,188,0.037224269292230466,0.07568133477618391,True
14,189,0.04305377196424242,0.08533062720826924,False
14,190,0.13115211820253983,0.26936325073151635,False
14,191,0.045146909759622524,0.1454552672127473,False
14,192,0.10902631319544981,0.27762701135424606,False
14,193,0.15829895406322692,0.2769164670270365,False
14,194,0.06421277453820093,0.10554853948296969,False
14,195,0.19849979298096873,0.2652380476204416,False
14,196,0.046962651828031235,0.0650716921948501,False
14,197,0.023325967433496998,0.029625570316015527,True
14,198,0.001963376129358905,0.00292686535766449,True
14,199,0.0016717698700919458,0.0035526626761823326,True
14,200,0.0003285762212292951,0.0017925352439160426,True
14,201,0.011210521655136233,0.015923060730692273,True
14,202,0.02735768958796559,0.037060359193454004,True
14,203,0.05319631672102303,0.0884693222293223,False
14,204,0.17694149339625723,0.2792955110508182,False
14,205,0.0884210922707544,0.13722740409740736,False
14,206,0.18822919062624166,0.27743061538756475,False
14,207,0.06759552452891837,0.12274207295392423,False
14,208,0.1581741988932488,0.2740450364060462,False
14,209,0.20750563145620934,0.2737913942978855,False
14,210,0.05526883401156071,0.07583679193466115,False
14,211,0.02187781796547205,0.03442266225035449,True
14,212,0.00126872922779023,0.0035739641095220375,True
14,213,0.00034384063653760495,0.0014842094381656418,True
14,214,9.244282550827404e-05,0.0015534948838031198,True
15,159,0.0017229647497087061,0.004856510215114953,True
15,160,0.0019501277504079119,0.0030236755056679927,True
15,161,0.0177754405189483,0.023877257550540053,True
15,162,0.0231735023934782,0.029859036284678633,True
15,163,0.048858000753454124,0.06503139445586786,False
15,164,0.05052188710096675,0.06665341999414456,False
15,165,0.20270716766689087,0.26733890872026966,False
15,166,0.05951687901098844,0.08384679273477369,False
15,167,0.19024534007513375,0.2739772119941416,False
15,168,0.15604947785020035,0.2763664105547563,False
15,169,0.057598938650149,0.1394692733848109,False
15,170,0.1249766247940915,0.2834749287373883,False
15,171,0.12488474632117116,0.29331595826127027,False
15,172,0.06884876489421835,0.2921953170188605,False
15,173,0.045890691370142934,0.1479952003640492,False
15,174,0.16228771657303429,0.2803755801389228,False
15,175,0.059587466106580486,0.09729196711879518,False
15,176,0.0505919032549138,0.08031202908477154,False
15,177,0.043477684790634616,0.060708242762803594,False
15,178,0.043315283712438805,0.057304310251842364,True
15,179,0.04108828579498395,0.05297382859611769,False
15,180,0.0237054206802163,0.030698413228398683,True
15,181,0.0182834892856851,0.022291347389066442,True
15,182,0.0029428009567802186,0.0042744762343762946,True
15,183,0.02936133067250385,0.03892792220634601,True
15,184,0.018108984842397587,0.022810553567406053,True
15,185,0.024922610808983437,0.03211766997452964,False
15,186,0.023380831583468355,0.030723797476884564,False
15,187,0.03313779025305628,0.050515743315297075,False
15,188,0.03778606749491024,0.07591773910301765,False
15,189,0.04163948515036731,0.08764499813372416,False
15,190,0.12698339337977751,0.26901804292244863,False
15,191,0.04340475841477443,0.1467439860509952,False
15,192,0.10407379892643841,0.27801082818692935,False
15,193,0.15033888691601477,0.2771349856503664,False
15,194,0.06569228296750534,0.10711819195274501,False
15,195,0.20481407339444987,0.26636489128737395,False
15,196,0.038374463202990074,0.05104327842151891,False
15,197,0.025242804475873275,0.03202648254049809,True
15,198,0.001918945999896888,0.0026414231833204447,True
15,199,0.0020285164729558222,0.003716984287079132,True
15,200,0.00047401985224995946,0.0015552730288511517,True
15,201,0.013358008032142698,0.01889894041414162,True
15,202,0.027827147842706117,0.03812368865517672,True
15,203,0.05166227386918146,0.09026213454866638,False
15,204,0.17418112445676948,0.2751087939128948,False
15,205,0.0819765081217644,0.13637687101882448,False
15,206,0.1828570252884154,0.2744407760332735,False
15,207,0.06936788145104593,0.12836671194964222,False
15,208,0.15641937664287786,0.27432102439604117,False
15,209,0.20291054895671998,0.27377193102101416,False
15,210,0.05470781372142128,0.07632804705901412,False
15,211,0.029954700115388807,0.04705024204556907,True
15,212,0.0020684524784275126,0.0040968172814388245,True
15,213,0.0014616492595570876,0.002607486948673268,True
15,214,0.0005838635598238248,0.001976643762137213,True
16,159,0.0013688307905792426,0.004938329579091921,True
16,160,0.0015706476104512116,0.002877875251056515,True
16,161,0.014542308523142602,0.019440879994324586,True
16,162,0.024985026059712236,0.03125132586803595,True
16,163,0.04907299995078541,0.06303022553183693,False
16,164,0.05271454480194475,0.06681540303754062,False
16,165,0.2110912124425489,0.2681580455826296,False
16,166,0.05846564651206898,0.08190778651065865,False
16,167,0.1941220348822126,0.27314384770449507,False
16,168,0.1499335161626943,0.27399757907181166,False
16,169,0.04084654559714109,0.17077913980528311,False
16,170,0.08751136074573339,0.3042899608333234,False
16,171,0.06136277189671601,0.32378018033358946,False
16,172,0.017207700020547678,0.32782021091707886,False
16,173,0.023599008770789198,0.23898783367107085,False
16,174,0.11368242445218309,0.31220329645498784,False
16,175,0.0487043427435236,0.13179922764649477,False
16,176,0.0456957751891432,0.07656100794664962,False
16,177,0.04591370400555441,0.06322389564714234,False
16,178,0.04301326639434505,0.05611129746332749,True
16,179,0.040285835143810296,0.050919898283941334,False
16,180,0.022925700030835477,0.028925566770916823,True
16,181,0.018440063931090652,0.022185062351000408,True
16,182,0.0030958639452161743,0.0043829405629792284,True
16,183,0.02672837722925928,0.03476966931071359,True
16,184,0.01922766805656901,0.024881284946837497,True
16,185,0.026660417854117182,0.034760606649301584,False
16,186,0.025406934029580625,0.036188006781854715,False
16,187,0.029569563196044694,0.051180664705388214,False
16,188,0.03783642276198659,0.07661708267698045,False
16,189,0.04460014116105352,0.08273157255248384,False
16,190,0.1296589783775344,0.269345354747451,False
16,191,0.04458004825981731,0.1474735846170227,False
16,192,0.11002295894588329,0.27751978401709865,False
16,193,0.15870812748674754,0.27673545263349386,False
16,194,0.06590347554284962,0.10448865527094832,False
16,195,0.2026389481713449,0.2650553217753464,False
16,196,0.046178117917979385,0.06226150078955046,False
16,197,0.025714946229023303,0.03235714240367339,True
16,198,0.0020449751776533643,0.002918512005031522,True
16,199,0.0023214129346463253,0.00335687795094549,True
16,200,0.0014642257668229062,0.002181007260618903,True
16,201,0.015614335280356509,0.02511132038183762,True
16,202,0.028050584510753,0.03645295558491486,True
16,203,0.04364155412319956,0.12913174858850504,False
16,204,0.17413930638220657,0.2724199918139189,False
16,205,0.08039324309030603,0.12727878219069794,False
16,206,0.18993062692273724,0.27567107429539695,False
16,207,0.06943635999442373,0.12372785898834578,False
16,208,0.16320201407408766,0.2736205800610888,False
16,209,0.20960511559623668,0.2728303254374987,False
16,210,0.054542573337872165,0.0738070150169626,False
16,211,0.03434822271312925,0.0518700096004536,True
16,212,0.0016270785622534457,0.003398588710456651,True
16,213,0.0005318752872969935,0.0014038130586477315,True
16,214,7.095815786687248e-05,0.00114710361854087,True
17,159,0.0016321897807199965,0.004475273206746804,True
17,160,0.001377958833262538,0.002751934006550524,True
17,161,0.013868130357021767,0.018584664532494497,True
17,162,0.025314041233942885,0.03181423362799088,True
17,163,0.046103494914368374,0.05804073958755092,False
17,164,0.05047257156357108,0.06435134199008898,False
17,165,0.20679429973744085,0.26685172640577426,False
17,166,0.05942551672511952,0.08239952382106824,False
17,167,0.19296237625383264,0.2752903564828037,False
17,168,0.13484824957607014,0.27937685276885266,False
17,169,0.05485394505014583,0.14718981574166212,False
17,170,0.08247910483253972,0.28805673779851776,False
17,171,0.09669176555060721,0.2999896506014996,False
17,172,0.06314775136767194,0.2931113325618128,False
17,173,0.031199671012849418,0.18767207656821216,False
17,174,0.12950728398199532,0.28418450841654064,False
17,175,0.05484890638112005,0.10467253987665762,False
17,176,0.04492747827556993,0.09424351179167417,False
17,177,0.04595062821164417,0.06257106397359152,False
17,178,0.04245323009783838,0.05543546731131976,True
17,179,0.041663166158390115,0.053028686695043944,False
17,180,0.023968934826387574,0.030506021738176212,True
17,181,0.025396727571604247,0.03125292197694234,True
17,182,0.0031624893775043365,0.004376911496250017,True
17,183,0.029126142844637673,0.037631404275126366,True
17,184,0.017962048552737576,0.02242866629295618,True
17,185,0.025195349570088812,0.031695020494167836,False
17,186,0.02798869172313735,0.03647271738969561,False
17,187,0.03324891347016618,0.05061576827920489,False
17,188,0.03850341682745567,0.07431995869660318,False
17,189,0.042462441877380075,0.08915888250135007,False
17,190,0.1304174565285961,0.26936286416358685,False
17,191,0.04590934400432411,0.1457357079950528,False
17,192,0.11252157675709754,0.2776675740633375,False
17,193,0.16061052686634023,0.2768847248672612,False
17,194,0.06638183665671864,0.10458878943476327,False
17,195,0.20558288497160196,0.26636645361746286,False
17,196,0.04530196010201454,0.05943582500913052,False
17,197,0.024283489119934863,0.031090514510991474,True
17,198,0.002053174005653897,0.003263976359720394,True
17,199,0.0017655988620785131,0.0034557176697617505,True
17,200,0.0004023331218026815,0.0018617894806632512,True
17,201,0.010833487494671806,0.016272850544335665,True
17,202,0.026239001569140896,0.03315387119114092,True
17,203,0.043449247861311144,0.06752740873973011,False
17,204,0.18191233730720738,0.2723981005820768,False
17,205,0.07946772765002505,0.1392752711966337,False
17,206,0.17845614359040898,0.2751291148641694,False
17,207,0.07108535773589578,0.12508024554266783,False
17,208,0.18186535620637906,0.27263898787376195,False
17,209,0.21070540928099996,0.2727072156085521,False
17,210,0.058316252498426396,0.07953571708849788,False
17,211,0.03552769493161532,0.04816791358246592,True
17,212,0.013050472502497775,0.02056347249637783,True
17,213,0.0008246818415521636,0.0021616413061271334,True
17,214,0.00012920401108474882,0.0015277337602199337,True
18,159,0.002290311621249662,0.005882299380683632,True
18,160,0.001938009120119392,0.002855919887101164,True
18,161,0.016549130973512242,0.0222016771152648,True
18,162,0.01887841689953099,0.024489072372798827,True
18,163,0.047177745003728074,0.06137634034528486,False
18,164,0.05021740665716436,0.06525500006270277,False
18,165,0.205653859671504,0.267534082651607,False
18,166,0.05976186766325821,0.08308324998640797,False
18,167,0.19633478822535305,0.27425517680937783,False
18,168,0.14788107909864437,0.27514802992390225,False
18,169,0.044463222666030824,0.1484679008804326,False
18,170,0.07909022257924722,0.2894393963338304,False
18,171,0.08275289431216731,0.30615431839133805,False
18,172,0.032654976124377656,0.3018778585261533,False
18,173,0.03156172945600372,0.188300454858183,False
18,174,0.14216508685543183,0.29137211186060963,False
18,175,0.0532073438401262,0.11233337047239714,False
18,176,0.04755515923803357,0.08068815044324082,False
18,177,0.045583771231383984,0.061603335054278216,False
18,178,0.04245872309259868,0.05465014120269089,True
18,179,0.04012189318645962,0.05083610868120704,False
18,180,0.023243126971253945,0.029630247279564585,True
18,181,0.025108566930238305,0.0306771787617735,True
18,182,0.0030194452446557084,0.004213491490555411,True
18,183,0.025673379656507345,0.03326012232160067,True
18,184,0.018308631596616807,0.02331011162216543,True
18,185,0.025843573087443093,0.03317010044226667,True
18,186,0.02844223360060007,0.039580256268252866,False
18,187,0.029630412215693097,0.05355950643156013,False
18,188,0.03790963113342382,0.0763415748183267,True
18,189,0.043411721542254145,0.08565188640047096,False
18,190,0.1259046800218802,0.2692979478805591,False
18,191,0.04411493831747071,0.1471512923795427,False
18,192,0.11076520266540711,0.27701698953632475,False
18,193,0.15819481624494222,0.27650045924603733,False
18,194,0.06600368616227127,0.10494497026048738,False
18,195,0.20146867938063923,0.2652642635660576,False
18,196,0.046251413562865606,0.06252938363392965,False
18,197,0.024731524532840637,0.031138685141708377,True
18,198,0.0022004601482922734,0.003305100939981385,True
18,199,0.0019040985504620931,0.0035034300205832695,True
18,200,0.0005750965321741642,0.0018778611552614437,True
18,201,0.012819439068811715,0.018638890421674426,True
18,202,0.027158462906923506,0.035977195047438675,True
18,203,0.04636456754138505,0.0925086566609628,False
18,204,0.18634089955888478,0.26726533142560666,False
18,205,0.07993171008955251,0.14388480393596118,False
18,206,0.18396716388771459,0.27498873926053913,False
18,207,0.06802932585066047,0.12389082805247367,False
18,208,0.16029365164432832,0.2736751693566952,False
18,209,0.20765173645155496,0.2731953721007063,False
18,210,0.056683751153119195,0.07804596569316691,False
18,211,0.027301265848875485,0.04214748330301661,True
18,212,0.00213045791254344,0.004431136277762111,True
18,213,0.000823338781565841,0.0015942371630473097,True
18,214,0.000275995555547045,0.0014761953336234947,True
19,159,0.002087857727364962,0.00541975976184366,True
19,160,0.0017041586995745221,0.0025785378005179294,True
19,161,0.018131273054880628,0.023772854063532564,True
19,162,0.023784454798361263,0.029919801947851453,True
19,163,0.048062484485473705,0.06238568030214883,False
19,164,0.04979854031525187,0.06439308813303038,False
19,165,0.20367063967709748,0.2686035887287249,False
19,166,0.060562391445234884,0.08442431291656285,False
19,167,0.19618866243254862,0.27361362465655914,False
19,168,0.1530347136643331,0.27561995485599433,False
19,169,0.056453500949747784,0.13184334683404572,False
19,170,0.12959982593108638,0.28251640017099694,False
19,171,0.1135341041699691,0.2923701830329532,False
19,172,0.07282434508885542,0.2855312531584194,False
19,173,0.03285156939726404,0.18203700494761596,False
19,174,0.14564543112296832,0.27991703761645964,False
19,175,0.05739057932538932,0.10077441626772349,False
19,176,0.04992888958739291,0.08577305519484198,False
19,177,0.04767173511990795,0.06491124913427926,False
19,178,0.04285797804829518,0.05550853188601195,True
19,179,0.039839698723961744,0.05042059366667938,False
19,180,0.022402968866668344,0.028555906759156438,True
19,181,0.02513548569327941,0.030756001123516556,True
19,182,0.0029893040571630737,0.004183145193903182,True
19,183,0.028815008535065804,0.037315316559100364,True
19,184,0.016166873203920774,0.0202263380762473,True
19,185,0.02494640376757007,0.03202786156270419,False
19,186,0.028145332570697554,0.03924434389409543,False
19,187,0.03407860077356148,0.05598273224154525,False
19,188,0.03628887215784384,0.06976457564839467,False
19,189,0.034281959738290145,0.10533157665807302,False
19,190,0.12414536299968634,0.2686951387349345,False
19,191,0.047524294057155,0.14020983981047927,False
19,192,0.12526107113827056,0.27578904949936073,False
19,193,0.16358707401129585,0.2758837472251522,False
19,194,0.06635413744431362,0.10878292507723718,False
19,195,0.19255063302590517,0.26465843596482735,False
19,196,0.0432503917981304,0.0562026544406756,False
19,197,0.026301789820039393,0.03294328667916746,True
19,198,0.00251231689033345,0.003581087359875154,True
19,199,0.0024790976086621497,0.003838799256760704,True
19,200,0.0009299238957672396,0.0018823125402986868,True
19,201,0.016050949963512143,0.02318698418710825,True
19,202,0.027652422556208357,0.041922656761374064,True
19,203,0.04903445789015835,0.08803688308600387,False
19,204,0.17981831855045197,0.2695228671818177,False
19,205,0.08290977554972576,0.1329991639344549,False
19,206,0.188843533426026,0.2741047691726276,False
19,207,0.068430745621694,0.11874707051557597,False
19,208,0.16131953415104064,0.2736426420378357,False
19,209,0.20848742193735162,0.2739647030366057,False
19,210,0.05574174704172015,0.07648067548193284,False
19,211,0.0318921390842503,0.04844686485243618,True
19,212,0.0023652084099076566,0.004375603014685385,True
19,213,0.001546617416122165,0.002444533260898912,True
19,214,0.0005898792048489744,0.001520137051252033,True
20,159,0.001863515482667255,0.004902249360663276,True
20,160,0.0019708469725012016,0.002928121063875163,True
20,161,0.017734441675987752,0.02306717215341087,True
20,162,0.02565370222397871,0.031691578255459985,True
20,163,0.05051492778737832,0.06366379957571792,False
20,164,0.05116194540311945,0.06485694724009734,False
20,165,0.20775700163271069,0.26718976440669734,False
20,166,0.06057290450757723,0.08355050779230791,False
20,167,0.19999081242297118,0.27580561950937016,False
20,168,0.15417358640694298,0.27630543336296176,False
20,169,0.06342634531488843,0.12830747488890154,False
20,170,0.14742889481866575,0.28170438764581074,False
20,171,0.13682903991334763,0.2893323500735334,False
20,172,0.11111935120430276,0.28452810392684164,False
20,173,0.05554762019380442,0.14201327962462315,False
20,174,0.18118231161711887,0.2757264241189491,False
20,175,0.05850783312790773,0.08778327463623725,False
20,176,0.05265301763888614,0.0869456564858744,False
20,177,0.046543123463223465,0.06284441141542811,False
20,178,0.04335414224948403,0.056001245314129436,True
20,179,0.041281072639829636,0.052072569355531666,False
20,180,0.0235190264490682,0.02975097444376085,True
20,181,0.02533302480787827,0.03100781593335466,True
20,182,0.0032704524190487103,0.0045219683758453925,True
20,183,0.02654055857329879,0.0336981705748049,True
20,184,0.01789059225801317,0.02217772693409807,True
20,185,0.025727897122904856,0.03259256852906754,False
20,186,0.029043506731815806,0.03765754269435176,False
20,187,0.03329463578690312,0.05012033808135546,False
20,188,0.03856482143211264,0.07418819234996836,True
20,189,0.043899978010103834,0.08643867113247387,False
20,190,0.1320024548785,0.26936107794057196,False
20,191,0.04655804444003147,0.14586901981166198,False
20,192,0.11210849753438722,0.27733265275522806,False
20,193,0.1604836846459786,0.27701482734163524,False
20,194,0.06711730205595903,0.10381813979572911,False
20,195,0.20815900346592167,0.26597235380947537,False
20,196,0.05103105580143976,0.06620822964586429,False
20,197,0.027854899247051798,0.03524505373185911,True
20,198,0.0019956716897780173,0.0027719037601948962,True
20,199,0.0024393270831966104,0.003750513427269538,True
20,200,0.0007039534987897051,0.0014493544715348111,True
20,201,0.017309080719901362,0.025390870880145813,True
20,202,0.030248154431182388,0.03812882684473584,True
20,203,0.05345717249149469,0.07933862024284054,False
20,204,0.19203608072722778,0.27162681655837206,False
20,205,0.08524072921067052,0.13384357684723258,False
20,206,0.1971462135710587,0.2741456834030612,False
20,207,0.07203652741510759,0.12215549054920709,False
20,208,0.19409463169929395,0.2726716654057785,False
20,209,0.21350749472731362,0.27183014295796054,False
20,210,0.056886094570614824,0.07397755105295942,False
20,211,0.03127973927037007,0.04191359655637023,True
20,212,0.016136209492197164,0.02307454917769432,True
20,213,0.0013850865431882097,0.0025324291915341576,True
20,214,0.0003911929693079606,0.001495255204144306,True
