method,rank,canonical,binding_magnitude,folding_magnitude,mutation_count,prediction_score
gaussian,1,178,0.34156402322533197,0.8288343562084592,15,0.0430738654449893
gaussian,2,211,0.5482786528243431,0.4592356144142746,13,0.0297350261288131
gaussian,3,202,0.16469903308157144,0.6294979518745716,14,0.0272571765671847
gaussian,4,183,0.6957455933853236,2.2433578433493238,14,0.0266118459276464
gaussian,5,197,0.20338032189037,0.60331653198879,12,0.0263693533074778
harmonic,1,178,0.34156402322533197,0.8288343562084592,15,0.0561945528714175
harmonic,2,211,0.5482786528243431,0.4592356144142746,13,0.0464065004781027
harmonic,3,202,0.16469903308157144,0.6294979518745716,14,0.0359222206015138
harmonic,4,183,0.6957455933853236,2.2433578433493238,14,0.0345483066339243
harmonic,5,197,0.20338032189037,0.60331653198879,12,0.0337684049757436
ohm,1,202,0.16469903308157144,0.6294979518745716,14,1.31235
ohm,2,201,0.36315267669261253,0.49305002915699997,12,1.2493233333333331
ohm,3,199,0.5605927842969,1.13849506918881,16,1.2051066666666663
ohm,4,200,0.23949098109981426,1.4636181577010434,14,1.1955533333333332
ohm,5,162,0.34683553052326715,0.8467248524000847,14,1.1213166666666667
degree,1,183,0.6957455933853236,2.2433578433493238,14,28.0
degree,2,197,0.20338032189037,0.60331653198879,12,23.0
degree,3,182,0.5880998426539401,0.6620725898197437,16,22.0
degree,4,185,0.866637917108662,1.9959371473516028,14,22.0
degree,5,181,0.5469753312711176,2.1361354614644883,13,20.0
negative_distance,1,178,0.34156402322533197,0.8288343562084592,15,-6.000532476372409
negative_distance,2,185,0.866637917108662,1.9959371473516028,14,-6.0790343805574905
negative_distance,3,197,0.20338032189037,0.60331653198879,12,-7.081541922491175
negative_distance,4,211,0.5482786528243431,0.4592356144142746,13,-7.104047156375019
negative_distance,5,202,0.16469903308157144,0.6294979518745716,14,-7.186368971880027
