node_index,canonical,mavedb_wt,input_wt,reference_wt,sequence_match,raf_min_sidechain_heavy_A,receiver,receiver_CA_distance_A,degree,structural_candidate,gaussian,harmonic,ohm_seed11,ohm_seed29,ohm_seed47,ohm,binding_count,binding_weighted_abs_ddG,binding_weighted_signed_ddG,binding_aggregate_sigma_formula,folding_count,folding_weighted_abs_ddG,folding_weighted_signed_ddG,folding_aggregate_sigma_formula,primary_eligible,negative_receiver_distance,exclusion
0,1,M,M,M,True,13.968743568658969,False,12.652156298433876,11,False,0.0007962522584675,0.0044442198164779,1.0,1.0,1.0,1.0,,,,,,,,,False,-12.652156298433876,position_1_not_assayed
1,2,T,T,T,True,14.239941310970126,False,12.04033006192106,9,True,0.0008361068363361,0.0043459415907045,1.0,1.0,1.0,1.0,19.0,0.07231705604018364,-0.06703272501872357,0.005527868950678447,19.0,0.10939126464446293,0.013226154898228587,0.0049677689235426035,True,-12.04033006192106,
2,3,E,E,E,True,5.371904272100139,False,9.135281987984824,13,True,0.0135026044858873,0.0255377833541181,0.959935,0.959935,0.959935,0.959935,19.0,0.2777862650108042,0.2773691441649965,0.00936092957048459,19.0,0.3502385064095,0.34886191048630555,0.006059645110861275,True,-9.135281987984824,
3,4,Y,Y,Y,True,12.992113671314089,False,9.635895495489766,19,True,0.0135758507270478,0.0188306162242339,1.05099,0.925631,1.00096,0.992527,19.0,0.12120093152415859,-0.062436449621395454,0.019916889199054145,19.0,0.27197291664408224,0.27194468830604596,0.007757136212693695,True,-9.635895495489766,
4,5,K,K,K,True,7.0716430825555445,False,9.096979773529236,20,True,0.0264861837959193,0.035958802854252,1.03769,0.953934,1.01556,1.0023946666666663,19.0,0.13070147360646264,0.047922594141475275,0.019605190004914855,19.0,0.5417035113153513,0.5417035113153513,0.014629948328676532,True,-9.096979773529236,
5,6,L,L,L,True,12.607724299965565,False,9.451114220027184,27,True,0.0268949402960942,0.0340131954968839,1.0,1.0,1.0,1.0,19.0,0.31764147276791777,0.24832467821220533,0.016354825909325982,19.0,1.174617504420321,1.174617504420321,0.015534908868530138,True,-9.451114220027184,
6,7,V,V,V,True,12.236651762059678,False,7.861421563559609,22,True,0.026819844867866,0.0369457481436918,1.0,1.0,1.0,1.0,19.0,0.39286581388111597,0.34217642345716714,0.018063793245332384,19.0,0.5057425954919419,0.5057255878891203,0.008756883534715505,True,-7.861421563559609,
7,8,V,V,V,True,11.46571351837622,False,9.887093860179544,25,True,0.0161894323254436,0.021716939247735,1.05103,1.0479,1.05569,1.05154,19.0,0.18467696669305841,0.1629326431303194,0.022296502594271662,19.0,1.0068333790830446,1.0068333790830446,0.01563850887859534,True,-9.887093860179544,
8,9,V,V,V,True,14.918220715020926,False,10.807425734188508,22,True,0.0037817588621482,0.0050429838600399,1.27926,1.14163,1.14163,1.1875066666666667,19.0,0.18409039344711225,0.08499671697394254,0.014994958902294537,19.0,0.5595801677565536,0.5594597071883813,0.006447177353869658,True,-10.807425734188508,
9,10,G,G,G,True,17.39303637747609,False,11.972211073982953,25,True,0.0028851827606308,0.0038911025827614,1.2655,1.18897,1.09764,1.1840366666666666,19.0,0.43730758739537623,0.2875189000537127,0.029062075002641772,19.0,1.955389289336943,1.955389289336943,0.03127658245566075,True,-11.972211073982953,
10,11,A,A,A,True,17.15660073792792,False,10.505080580366815,22,True,0.0022131614180704,0.0030208908072595,1.17608,1.17608,1.08513,1.1457633333333332,19.0,0.09763188629435217,-0.07431713852711994,0.011793818717455315,19.0,0.5249833399348577,0.5249833399348577,0.005707644116441552,True,-10.505080580366815,
11,12,G,G,G,True,12.881189457599334,False,7.046846173998691,17,True,0.0234208231373699,0.0320190433950459,1.28077,1.128,1.128,1.178923333333333,19.0,0.046462755717217884,0.0450043323308506,0.003854070398892696,19.0,0.3818400416757744,0.3818400416757744,0.0034056704399779013,True,-7.046846173998691,
12,13,G,G,G,True,12.45720986518,False,7.2781358190129986,15,True,0.0181575521817935,0.0228154016777666,0.924773,0.924773,0.924773,0.924773,19.0,0.09262144887289965,-0.012410869146580577,0.012894808348914013,19.0,0.37922122855142737,0.37922122855142737,0.0062152285288212435,True,-7.2781358190129986,
13,14,V,V,V,True,14.94353433389118,False,10.223717425672524,22,True,0.0021827566533621,0.002811996182146,1.2033,1.24754,1.14601,1.1989500000000002,19.0,0.06491922338314188,-0.06357749281631575,0.006186019859785387,19.0,0.44868245839684995,0.44868245839684995,0.003925823930361876,True,-10.223717425672524,
14,15,G,G,G,True,11.390167559843253,False,9.533883311641691,28,True,0.0260097845425085,0.0373516507521804,1.10304,1.10304,1.04888,1.0849866666666668,19.0,0.980208012348854,0.980208012348854,0.046291968403013015,19.0,2.6823661553795652,2.6823661553795652,0.03386667336998628,True,-9.533883311641691,
15,16,K,K,K,True,12.137351171052453,False,8.635703619277356,27,True,0.0228395055334209,0.0285849462056908,1.31562,1.35546,1.31934,1.33014,19.0,0.4003627596855685,0.39892407100445765,0.016084949492861524,19.0,0.5458216928734286,0.5458216928734286,0.005483076921288506,True,-8.635703619277356,
16,17,S,S,S,True,7.084174032898652,False,5.974797904532003,28,False,0.0547873463324462,0.1206435427855469,1.00888,0.988841,1.01004,1.002587,19.0,0.7598087332456038,0.7598087332456038,0.019970949583333147,19.0,0.1168675868820706,0.1168675868820706,0.003543895267757447,False,-5.974797904532003,within_6A_receiver
17,18,A,A,A,True,8.598881090440708,False,5.272973354759154,23,False,0.0371799486658093,0.0865133739061268,1.03306,1.00779,1.00449,1.015113333333333,19.0,0.4247314055939049,0.4228355846340912,0.012215453740934827,19.0,0.3780203201916921,0.3715174452879168,0.004620099220904315,False,-5.272973354759154,within_6A_receiver
18,19,L,L,L,True,11.382191973297145,False,5.581738080562363,29,False,0.0315677082947212,0.0414638995396582,1.13753,1.13461,1.13461,1.1355833333333332,19.0,0.23657247068570925,-0.06816018935558113,0.011427988004810628,19.0,0.362017323168327,0.362017323168327,0.00812856530102662,False,-5.581738080562363,within_6A_receiver
19,20,T,T,T,True,6.66038666047331,False,3.807584273525669,24,False,0.0621020855205014,0.0951211963092977,1.3244,1.33791,1.32388,1.32873,19.0,0.35043921227324165,0.34845913297805065,0.012436884583040141,19.0,0.20961976382640118,0.1950007643850541,0.011147122172444028,False,-3.807584273525669,within_6A_receiver
20,21,I,I,I,True,3.981254983608652,True,0.0,18,False,0.1941761871089845,0.2694193566802447,0.0,0.0,0.0,0.0,19.0,0.3624709844267137,0.3601092953612115,0.007942022017643083,19.0,0.15129234542891726,-0.08857825246936443,0.006668141295206224,False,-0.0,receiver
21,22,Q,Q,Q,True,9.303139116763226,False,3.812146114723305,19,False,0.0471928005934083,0.0705622250407993,1.02545,1.03718,1.01424,1.025623333333333,19.0,0.28563722738002567,0.20384035279272908,0.009844730044590334,19.0,0.7285608339223997,0.7232924604873335,0.006670093332588386,False,-3.812146114723305,within_6A_receiver
22,23,L,L,L,True,8.988027169196325,False,3.798704647639771,18,False,0.05462123312356,0.0943983917928122,1.01878,1.02572,1.01703,1.02051,19.0,0.17809773064045945,-0.0387470422231402,0.011546746368622749,19.0,0.13169521716725352,0.11684805686468028,0.005632517811614614,False,-3.798704647639771,within_6A_receiver
23,24,I,I,I,True,4.307791574430575,True,0.0,14,False,0.1554683828079857,0.2757803165633241,0.0,0.0,0.0,0.0,18.0,0.2972500152346726,0.1470512567670055,0.01261980576744092,18.0,0.10715277851569381,0.07355006301869595,0.011267643751674149,False,-0.0,receiver
24,25,Q,Q,Q,True,4.263415879765671,True,0.0,10,False,0.1476357293759127,0.2712243827768703,0.0,0.0,0.0,0.0,19.0,0.290503253473902,-0.06060070110668588,0.017895077608845324,19.0,0.5280221221116961,0.5280221221116961,0.0064802336566780515,False,-0.0,receiver
25,26,N,N,N,True,9.908554405069625,False,3.819054464131145,12,False,0.0521903466583734,0.0957945828997692,1.07248,1.08593,1.06576,1.0747233333333333,19.0,0.15224587011001003,0.021074351991270734,0.013912265418414907,19.0,0.4894287789543907,0.4894287789543907,0.006696084675937273,False,-3.819054464131145,within_6A_receiver
26,27,H,H,H,True,5.65594295254721,False,5.724756588711873,16,False,0.0433402126533565,0.0656777535151746,1.3583,1.33018,1.3676,1.3520266666666665,19.0,0.26898451195263934,-0.0834841071125814,0.012650636321251208,19.0,0.33785919571994333,0.33785919571994333,0.006240912017309101,False,-5.724756588711873,within_6A_receiver
27,28,F,F,F,True,9.950721766852142,False,3.764007704561719,18,False,0.0437173672870685,0.0961991498861348,0.780696,0.632439,0.742669,0.7186013333333333,19.0,0.7075423872300374,0.7052786777053078,0.009249083206461742,19.0,0.2601306293867628,0.2601306293867628,0.009562113740784332,False,-3.764007704561719,within_6A_receiver
28,29,V,V,V,True,3.9479968151806895,True,0.0,16,False,0.1360578948245667,0.2818884468523167,0.0,0.0,0.0,0.0,19.0,0.202263155649094,0.15226748901810452,0.0050330442075685366,19.0,0.17209769363674543,0.1677100336489688,0.004829832575604094,False,-0.0,receiver
29,30,D,D,D,True,7.819478158166725,False,3.780998545358091,11,False,0.0295880916119656,0.1667645383057601,0.99552,1.01113,0.998477,1.001709,19.0,0.04492746229957284,0.0019286368076079966,0.009936166179378718,19.0,0.33607916166544927,0.33607916166544927,0.005067004386875352,False,-3.780998545358091,within_6A_receiver
30,31,E,E,E,True,2.7556218093569274,True,0.0,8,False,0.028890413802115,0.2919294498371669,0.0,0.0,0.0,0.0,19.0,0.2115691421329886,0.2099793849600584,0.009985779001092453,19.0,0.34540064439554247,0.34540064439554247,0.004824451387481311,False,-0.0,receiver
31,32,Y,Y,Y,True,8.26082435250206,False,3.796918882462463,11,False,0.0425590295359814,0.1798796303032427,1.00888,0.989435,1.00654,1.0016183333333333,19.0,0.597392654447495,0.5895656154434458,0.009742763093007874,19.0,0.23263119013719458,0.23248845152026526,0.007014798818797268,False,-3.796918882462463,within_6A_receiver
32,33,D,D,D,True,3.0849448195416507,True,0.0,9,False,0.1024449758799574,0.289168901078538,0.0,0.0,0.0,0.0,19.0,0.5559677425274743,0.5559677425274743,0.006090310651950869,19.0,0.29848371993419387,0.29848371993419387,0.0047885633051664685,False,-0.0,receiver
33,34,P,P,P,True,4.902969946594018,True,0.0,14,False,0.1543823548985149,0.2830557532270518,0.0,0.0,0.0,0.0,19.0,0.5258981617299309,0.5258981617299309,0.014381760315865839,19.0,0.4608067078226333,0.4608067078226333,0.004142279067698905,False,-0.0,receiver
34,35,T,T,T,True,7.193903738544934,False,3.7806704431886176,11,False,0.0623830250129583,0.1039300219395532,1.2281,1.22655,1.20845,1.2210333333333334,19.0,1.1293111842726822,1.1293111842726822,0.017740215162866155,19.0,0.4412953762858202,0.4411630755701067,0.004171478456765445,False,-3.7806704431886176,within_6A_receiver
35,36,I,I,I,True,3.8859406892040815,True,0.0,11,False,0.1766294106752904,0.2725732410901726,0.0,0.0,0.0,0.0,19.0,0.5582037587494741,0.5520814531239809,0.011909591546390059,19.0,0.25723339911799015,0.2571086624871957,0.005374452956145958,False,-0.0,receiver
36,37,E,E,E,True,2.6391635267643805,True,0.0,14,False,0.1745894168320771,0.2733934275665599,0.0,0.0,0.0,0.0,19.0,0.9594230322285573,0.8894675507831958,0.015716654034223263,19.0,0.3764606960872809,0.3532412071752669,0.0034458058682479155,False,-0.0,receiver
37,38,D,D,D,True,2.622311994694323,True,0.0,11,False,0.1166968283107704,0.2775251122343419,0.0,0.0,0.0,0.0,19.0,1.8341903860318947,1.8341903860318947,0.03271403720619409,19.0,0.31995260926288105,0.31995260926288105,0.003916933005769018,False,-0.0,receiver
38,39,S,S,S,True,3.81784203754024,True,0.0,15,False,0.1564860036929215,0.2744929542058874,0.0,0.0,0.0,0.0,19.0,0.37538114985851206,0.24135198607421507,0.00799587803092779,19.0,0.4287022829308694,0.4287022829308694,0.005149448537290125,False,-0.0,receiver
39,40,Y,Y,Y,True,3.3784665744263607,True,0.0,14,False,0.1972299492709584,0.2739754740713832,0.0,0.0,0.0,0.0,19.0,1.077836745413216,1.077836745413216,0.015283173518429498,19.0,0.12861676384075454,0.12836946222399728,0.0031888902485330043,False,-0.0,receiver
40,41,R,R,R,True,2.9488340032564846,True,0.0,14,False,0.162299258454364,0.2662221981912372,0.0,0.0,0.0,0.0,19.0,0.3461487301806343,0.3452346329352575,0.006399597901149536,19.0,0.29392198479469017,0.29392198479469017,0.007386598716411129,False,-0.0,receiver
41,42,K,K,K,True,7.486184461155988,False,3.808738373792563,13,False,0.0459070749828261,0.0850799831215534,1.00585,0.99021,0.999589,0.9985496666666666,19.0,0.09102727963888183,0.044499419949372704,0.008145913690142881,19.0,0.35634959915276165,0.35634959915276165,0.005259954975250632,False,-3.808738373792563,within_6A_receiver
42,43,Q,Q,Q,True,7.88710108663428,False,6.87684062633416,14,True,0.020346126460217,0.0412506971552797,1.01851,0.997707,1.00172,1.005979,19.0,0.1161555450093046,0.014386748688985616,0.010206728834164189,19.0,0.527707544585389,0.527707544585389,0.005468377804349693,True,-6.87684062633416,
43,44,V,V,V,True,12.331202614409596,False,9.985886290159728,14,True,0.0128502126005144,0.0249269985756124,1.01933,1.03282,0.993663,1.015271,19.0,0.10295075720774319,-0.0923404957519688,0.016424257847485028,19.0,0.29619031295146087,0.29619031295146087,0.00472503559033353,True,-9.985886290159728,
44,45,V,V,V,True,15.391153778456289,False,13.493247829933308,11,True,0.0007411818962535,0.0039077306350816,0.942285,0.996764,1.0394,0.9928163333333334,19.0,0.09432658819208635,-0.05743150132990203,0.011799722130633723,19.0,0.3854795388064029,0.3854795388064029,0.006193130241152415,True,-13.493247829933308,
45,46,I,I,I,True,15.434914265448498,False,15.28327039608997,12,True,0.000435624375913,0.0035294738471609,0.79317,1.07215,1.07215,0.9791566666666668,19.0,0.09057875677232086,-0.08753649377046768,0.012288180156124422,19.0,0.5875356408899671,0.5875356408899671,0.00718084493997491,True,-15.28327039608997,
46,47,D,D,D,True,21.513688637257236,False,18.97756080216844,8,True,0.0001626227936097,0.0020275898002727,0.97916,0.97916,0.97916,0.97916,19.0,0.09578162466048684,0.053818928978793396,0.011687682104976877,19.0,0.6288485476264583,0.6288485476264583,0.007495065217004168,True,-18.97756080216844,
47,48,G,G,G,True,20.249203877553537,False,18.99129453196911,7,True,0.0001320827752389,0.0023742180261052,1.0,1.0,1.0,1.0,19.0,0.06257087632850694,0.045973067971709004,0.006878901119465257,19.0,0.6590436219140933,0.6590436219140933,0.006254395341623512,True,-18.99129453196911,
48,49,E,E,E,True,16.62154351841722,False,16.374737738357826,9,True,0.0001080747524081,0.0025695541564614,1.0,1.0,1.0,1.0,19.0,0.07322974415901617,-0.010089420241936079,0.011967944120241335,19.0,0.8166707668213308,0.8166707668213308,0.0044200712864931714,True,-16.374737738357826,
49,50,T,T,T,True,12.179431683631222,False,13.065223189827256,13,True,0.0008938677040596,0.0047051191670962,1.0,1.0,1.0,1.0,19.0,0.0889110167896462,-0.0730028149287001,0.010791728246616804,19.0,0.45351270740164146,0.45351270740164146,0.01064206399204268,True,-13.065223189827256,
50,51,C,C,C,True,12.824421665061523,False,10.144100798000776,16,True,0.0021987458750662,0.0073306272295938,1.0,1.0,1.0,1.0,19.0,0.07170913795666743,-0.05095254801703171,0.013265616884364593,19.0,0.3167930441242725,0.3167930441242725,0.013761299919993076,True,-10.144100798000776,
51,52,L,L,L,True,5.53354229888651,False,6.658116325207904,15,True,0.0148887203631482,0.0261956149483466,1.0,1.0,1.0,1.0,19.0,0.18308883717993235,-0.15503316370108275,0.01066704262896123,19.0,0.0738447808210164,0.0678864575591385,0.007647130639498508,True,-6.658116325207904,
52,53,L,L,L,True,9.914132512440425,False,5.420024630940342,21,False,0.0326791818987053,0.0497227353705403,1.01092,0.970743,0.991576,0.9910796666666668,19.0,0.08344156402179938,0.057515707960021784,0.01529151130015016,19.0,0.37871258627994553,0.37871258627994553,0.006699649158374563,False,-5.420024630940342,within_6A_receiver
53,54,D,D,D,True,6.398352279600069,False,4.68899701428781,17,False,0.0362714940732898,0.0544572425784066,1.01296,1.00888,1.01413,1.01199,19.0,0.5847839415306958,0.5847839415306958,0.012376678138065261,19.0,0.44857007882310235,0.4460036577675835,0.012282844338041913,False,-4.68899701428781,within_6A_receiver
54,55,I,I,I,True,8.052330149434704,False,5.243155538413864,23,False,0.0511782211344948,0.0764670478865428,1.01004,0.99772,1.02861,1.0121233333333337,19.0,0.33014860916426875,0.33014860916426875,0.012325438787712544,19.0,0.29732836610678415,0.29732836610678415,0.010630319881386898,False,-5.243155538413864,within_6A_receiver
55,56,L,L,L,True,7.396688226606566,False,4.26037686126474,23,False,0.0513157961382135,0.0816084783352264,1.0,1.0,1.0,1.0,18.0,0.20172939522709776,0.10559473407021978,0.012939205045699304,19.0,0.11654566562838424,0.0803096689197596,0.007317359739916508,False,-4.26037686126474,within_6A_receiver
56,57,D,D,D,True,7.091167362111846,False,5.573631042686626,24,False,0.0543977441956124,0.0845879698359745,1.0194,1.04667,1.04097,1.03568,19.0,2.0602793925167764,2.0602793925167764,0.043385261044511896,19.0,0.30002772863674887,0.2258562884978107,0.008729059168431308,False,-5.573631042686626,within_6A_receiver
57,58,T,T,T,True,10.744423197428812,False,5.0104549693615645,23,False,0.0533754027579383,0.0824260586863932,1.08341,1.09633,1.07355,1.08443,19.0,0.448865039960077,0.448865039960077,0.009370123841013872,19.0,0.29980695303580995,0.29980695303580995,0.0071171820774887,False,-5.0104549693615645,within_6A_receiver
58,59,A,A,A,True,9.10731032969752,False,5.054561306384562,20,False,0.053931070483457,0.0816692341421276,1.05642,1.05202,1.04541,1.0512833333333331,19.0,0.49956560037023007,0.49056141045038004,0.011491015708951958,19.0,0.19150951683258696,0.19150951683258696,0.012513264697395781,False,-5.054561306384562,within_6A_receiver
59,60,G,G,G,True,12.564380578743304,False,8.238864242114929,16,True,0.0279178612841441,0.0421072029517759,1.0,1.0,1.0,1.0,19.0,0.6173932597471101,0.6173932597471101,0.010309904139450331,19.0,0.33404565420666515,0.33404565420666515,0.0077546933834431245,True,-8.238864242114929,
60,61,Q,Q,Q,True,8.398178501798029,False,9.273676617178324,11,True,0.0186992188480941,0.0521555092904264,0.998118,0.994567,1.01032,1.0010016666666666,19.0,0.06781138135690302,0.021804521526174157,0.0062819183551078754,19.0,0.22629281218833955,0.22622303688439954,0.004967941000240651,True,-9.273676617178324,
61,62,E,E,E,True,15.309255569235011,False,6.402979540807546,12,True,0.0142579713644736,0.0797770475126418,0.995248,1.00777,1.00748,1.0034993333333333,19.0,0.0820834953128739,0.07193502155766639,0.0076291038928512364,19.0,0.29582151012233104,0.29582151012233104,0.008788847699063044,True,-6.402979540807546,
62,63,E,E,E,True,7.579577600447355,False,7.552237549230028,8,True,0.0061863585492912,0.076110649613464,1.00164,0.987374,1.00687,0.998628,19.0,0.2376110084597248,0.23333969253277725,0.006445296104620295,19.0,0.5305661716942561,0.5305661716942561,0.006977186718337041,True,-7.552237549230028,
63,64,Y,Y,Y,True,5.973632945821193,False,5.667438310206824,8,False,0.0100684745520018,0.0805055241331953,1.01238,1.01354,0.984078,1.0033326666666669,19.0,0.0694124878322189,-0.05398221201311953,0.010211462792385103,19.0,0.18722666509504618,0.09505561740495087,0.007494747883892099,False,-5.667438310206824,within_6A_receiver
64,65,S,S,S,True,12.408176663976494,False,5.2064957505024445,10,False,0.0134049553920006,0.0636811462564498,1.05332,1.06389,1.03328,1.0501633333333331,19.0,0.07614525040373431,0.06908781458233473,0.014933202433950092,19.0,0.2974959380021672,0.29690135824613373,0.017777285169895355,False,-5.2064957505024445,within_6A_receiver
65,66,A,A,A,True,9.081343484711171,False,3.8228641095388127,10,False,0.0209083083134956,0.0957259546710155,1.0211,0.994768,1.00125,1.005706,19.0,0.046865166287578953,0.02703467455658981,0.007229300360465965,19.0,0.0942013541755802,0.04788876840045083,0.010185626888111228,False,-3.8228641095388127,within_6A_receiver
66,67,M,M,M,True,3.87826244285026,True,0.0,12,False,0.080853248453253,0.2565579571867781,0.0,0.0,0.0,0.0,19.0,0.07165931366016125,0.0319193073683783,0.01652524322846683,19.0,0.14884735526289145,0.13008505527061387,0.02106823087668595,False,-0.0,receiver
67,68,R,R,R,True,10.754319270184348,False,3.7932388535392807,16,False,0.0297668243969393,0.1007473871524793,0.270451,0.270451,0.270451,0.270451,19.0,0.19571989227244477,-0.16877188327266546,0.016434887834104326,19.0,0.20845159350666076,0.1922977681815171,0.025350104804530153,False,-3.7932388535392807,within_6A_receiver
68,69,D,D,D,True,12.192413964854389,False,5.3760506880050904,17,False,0.0238192016671542,0.0583457881514932,0.401494,0.401494,0.542711,0.4485663333333334,19.0,0.15881481270219566,0.14570307063999965,0.016421211974403965,19.0,0.6518547769734677,0.6518547769734677,0.02157150574559881,False,-5.3760506880050904,within_6A_receiver
69,70,Q,Q,Q,True,7.254448554610041,False,3.796027660594689,12,False,0.036713385786992,0.0814265382660917,0.277846,0.277846,0.277846,0.277846,19.0,0.15176620557869372,0.026209997058421967,0.018863738310914833,19.0,0.3729703832119736,0.3557147672101405,0.02212570304103943,False,-3.796027660594689,within_6A_receiver
70,71,Y,Y,Y,True,3.948955275596709,True,0.0,17,False,0.1670068737706926,0.2588337983820942,0.0,0.0,0.0,0.0,19.0,0.10921608320176222,-0.08826788615909739,0.008179238817866103,19.0,0.16876882590993356,0.16654102019735095,0.009741797029870283,False,-0.0,receiver
71,72,M,M,M,True,13.219561337986894,False,3.778170059698213,21,False,0.0390232175460667,0.0626958684625718,0.99831,0.995359,1.00888,1.0008496666666666,19.0,0.10492559099564525,0.09631443449008319,0.007510884286181986,19.0,0.26976624802993504,0.26976624802993504,0.007848772664390519,False,-3.778170059698213,within_6A_receiver
72,73,R,R,R,True,12.014964752341182,False,5.37782242176143,15,False,0.0250788856891137,0.0383738834461199,0.729482,0.778507,0.694755,0.734248,19.0,0.10052603549091584,-0.09380250570454324,0.013495839034848632,19.0,0.24892590279051952,0.24892590279051952,0.013257418721937168,False,-5.37782242176143,within_6A_receiver
73,74,T,T,T,True,8.962662175577673,False,5.138552422618649,13,False,0.0292394134807203,0.0450709932610377,0.637694,0.637694,0.68959,0.6549926666666667,19.0,0.12291468500120241,-0.017912060504734845,0.010847723825263141,19.0,0.2069272562253895,0.1940189691039289,0.015124290761768676,False,-5.138552422618649,within_6A_receiver
74,75,G,G,G,True,12.682919121220694,False,5.6667409504935025,21,False,0.026865386198404,0.0385622010697433,0.995078,0.94351,0.995078,0.9778886666666669,19.0,0.1701545250151562,0.12474105550257351,0.012762230169041768,19.0,0.3822715292998147,0.3040615719502075,0.015304486665421776,False,-5.6667409504935025,within_6A_receiver
75,76,E,E,E,True,11.659151441434553,False,9.42816843294603,21,True,0.0145025382351468,0.0192807677682908,0.925631,0.925631,0.740505,0.8639223333333333,19.0,0.13439962132107952,0.07776423772189896,0.010123821043363457,19.0,0.2786140888264709,0.15402254681791935,0.013260807969140675,True,-9.42816843294603,
76,77,G,G,G,True,17.01572284820083,False,10.74674318107584,25,True,0.0023932978302569,0.0034281094407282,0.926495,0.926495,0.926495,0.926495,19.0,0.10650945579804101,-0.002806633344646836,0.022666092482249385,19.0,0.5128379923711449,0.5128379923711449,0.02728106932548103,True,-10.74674318107584,
77,78,F,F,F,True,15.166279554403207,False,10.56329711785104,28,True,0.0026614052829107,0.0034994230911184,1.0,1.0,1.0,1.0,18.0,0.15237373799664544,0.15127557982937423,0.010647461381730694,18.0,0.8045295313765187,0.8045295313765187,0.013289560661545512,True,-10.56329711785104,
78,79,L,L,L,True,14.57318109877395,False,13.266235374061475,23,True,0.0028273566719673,0.0036777459445215,1.0,1.0,1.0,1.0,19.0,0.22594452732049955,0.14984468544481724,0.024780992743843856,19.0,0.6601918219028564,0.6601918219028564,0.026264303786960475,True,-13.266235374061475,
79,80,C,C,C,True,20.2170474095983,False,14.385071497910609,23,True,0.0009550076037613,0.0011363973165514,1.0,1.0,1.0,1.0,19.0,0.17051680328235086,0.07359140673688584,0.013562252207362386,19.0,0.5238304245514225,0.4387332584540384,0.01736657485764004,True,-14.385071497910609,
80,81,V,V,V,True,16.028793093017615,False,14.472820215839068,29,True,0.0012480024279315,0.0015333540570009,1.0,1.0,1.0,1.0,19.0,0.14058451887828455,0.10220975978574673,0.015403716267663452,19.0,0.7711031456536191,0.7711031456536191,0.019209050610287104,True,-14.472820215839068,
81,82,F,F,F,True,20.647492301341448,False,14.997902720047223,30,True,0.0010239395478651,0.0012429952409979,1.0,1.0,1.0,1.0,19.0,0.07129867057641409,-0.036925146608210356,0.007233170020921308,19.0,0.2118998594242271,0.20387748232986466,0.009024833110226184,True,-14.997902720047223,
82,83,A,A,A,True,17.328101061581542,False,15.023179756629418,28,True,0.0010671386438865,0.0012803862561316,1.0,1.0,1.0,1.0,19.0,0.23112609810024726,-0.13356624662273492,0.02172118797764908,19.0,0.4449314635404026,0.273827889131209,0.0242456155727373,True,-15.023179756629418,
83,84,I,I,I,True,20.83064143770962,False,18.63512428185012,27,True,4.357673292148e-05,0.0001384598446319,1.0,1.0,1.0,1.0,19.0,0.13943554776743755,-0.13943554776743755,0.008521418219255492,19.0,0.19579594608969517,-0.12611523006166148,0.009501332274051292,True,-18.63512428185012,
84,85,N,N,N,True,18.213741924394228,False,18.18308788407514,20,True,3.984211497281513e-05,0.0001950414447878,1.0,1.0,1.0,1.0,4.0,0.09718484443675954,-0.033695399714405695,0.11161377646385462,4.0,0.18851206718588084,0.15500003765591694,0.12714092567401128,False,-18.18308788407514,insufficient_binding_coverage
85,86,N,N,N,True,18.718585900184515,False,16.658866257942044,19,True,0.0003282111420824,0.0002769421925035,1.0,1.0,1.0,1.0,19.0,0.13457802806407979,0.09014269940507852,0.02207536034967499,19.0,0.42513465291317676,0.40349688962235014,0.02540216186226397,True,-16.658866257942044,
86,87,T,T,T,True,25.910028243599392,False,19.36334800596219,14,True,3.5319913753243363e-05,8.993086895264823e-05,1.0,1.0,1.0,1.0,9.0,0.10882470114954648,0.04318057037151996,0.05186637939015698,17.0,0.10152892814472264,0.07501066301774707,0.03614438494562389,False,-19.36334800596219,insufficient_binding_coverage
87,88,K,K,K,True,22.324296825978212,False,17.510126698570744,14,True,2.604664581198268e-05,8.46783987018293e-05,1.0,1.0,1.0,1.0,18.0,0.12541768587057397,0.04238586371884984,0.024101010705271635,19.0,0.23357795490368374,0.14894744575258578,0.02981738783609284,True,-17.510126698570744,
88,89,S,S,S,True,19.814941363073636,False,15.138672365831823,20,True,0.0007427259666541,0.0009154891300659,1.0,1.0,1.0,1.0,8.0,0.05902268859655772,-0.0012981355469855898,0.051150686686248746,17.0,0.30073126182290544,0.29820323473309657,0.03362113031173562,False,-15.138672365831823,insufficient_binding_coverage
89,90,F,F,F,True,24.376688338858283,False,18.46357091680805,26,True,5.36276532280338e-05,0.0002403681214948,1.0,1.0,1.0,1.0,14.0,0.04784900209255181,-0.029514261252594803,0.03053037795655359,19.0,0.433832216812346,0.4283214026395966,0.038217943129103,True,-18.46357091680805,
90,91,E,E,E,True,26.417216030080287,False,20.15168985469953,13,True,0.0001252298583328,0.0003434718575517,1.0,1.0,1.0,1.0,11.0,0.3020927222890642,0.2708218550632672,0.07780315536731434,17.0,0.28312140540793623,0.28312140540793623,0.03833077252577299,True,-20.15168985469953,
91,92,D,D,D,True,21.522500497492672,False,17.521750854295355,15,True,6.001433279432513e-05,0.0002299379307808,1.0,1.0,1.0,1.0,9.0,0.10741314954741672,-0.00016236497284788227,0.04168678284735393,18.0,0.10580108077342049,0.10519311793110514,0.02284807009480166,False,-17.521750854295355,insufficient_binding_coverage
92,93,I,I,I,True,22.09592942796995,False,17.60508162434926,20,True,0.000127317267804,0.000300002374503,1.0,1.0,1.0,1.0,12.0,0.25196702193974424,0.14918228500517058,0.06155024908458077,19.0,0.7011961590875174,0.7011961590875174,0.05867138425206306,True,-17.60508162434926,
93,94,H,H,H,True,26.851257238358915,False,18.808458044188527,12,True,0.0001542952484531,0.000752741490373,1.0,1.0,1.0,1.0,9.0,0.2026569825105247,-0.2026569825105247,0.05170358872035693,19.0,0.20005553017439065,0.061628148517571334,0.03683761334942825,False,-18.808458044188527,insufficient_binding_coverage
94,95,H,H,H,True,18.703374959581737,False,16.377237190686344,12,True,0.0002055948189781,0.0005743699040477,0.777363,0.777363,0.777363,0.7773629999999999,16.0,0.1631097741936114,-0.13834462009006307,0.02301591677499537,19.0,0.2277848636434958,0.22501290100412916,0.030721123699648845,True,-16.377237190686344,
95,96,Y,Y,Y,True,17.03297994473377,False,13.29647720262777,17,True,0.0004563717643151,0.0011937768710024,1.24616,1.24616,0.878014,1.1234446666666666,13.0,0.17640834400966957,-0.10458993479183651,0.044528179541063126,19.0,0.267471179808041,0.017450037286267272,0.028996418614071456,True,-13.29647720262777,
96,97,R,R,R,True,24.027058303145672,False,14.618664986926818,17,True,0.0002716910371364,0.0005545378767389,1.0,1.0,1.0,1.0,18.0,0.21315262254009135,-0.13848785038667005,0.0391028893573565,19.0,0.5178814660526003,0.08725614733896418,0.03553144087098295,True,-14.618664986926818,
97,98,E,E,E,True,23.683376879218,False,15.311800481981212,11,True,0.0002704690398096,0.0004586801357334,0.777363,0.777363,0.971704,0.8421433333333334,19.0,0.20665031837889747,0.19094870159572283,0.024161214165548672,19.0,0.6803280368898225,0.6803280368898225,0.028157140232218006,True,-15.311800481981212,
98,99,Q,Q,Q,True,18.27143872493254,False,12.17346778859664,14,True,0.0009843851377082,0.0025663793817374,0.523907,0.523907,0.654884,0.567566,12.0,0.1470832107850473,-0.10322523251792307,0.04630018557748381,19.0,0.2906602308843741,0.26219308704294214,0.041976185704965696,True,-12.17346778859664,
99,100,I,I,I,True,18.429183961107775,False,9.83456155606339,21,True,0.0180299579794701,0.0277398068853438,0.93622,1.04908,0.93622,0.97384,18.0,0.15661591735599836,0.018032158501490547,0.0375786255471957,19.0,0.8075772239316984,0.8075772239316984,0.03564885004311831,True,-9.83456155606339,
100,101,K,K,K,True,23.421600467953517,False,12.690379860350909,16,True,0.0010691204189862,0.0015677815303419,1.18258,0.946066,0.946066,1.024904,18.0,0.0504028434663379,-0.04744866626781943,0.007373328528741752,19.0,0.13438977548549574,0.13438977548549574,0.010741631033180656,True,-12.690379860350909,
101,102,R,R,R,True,16.39395796158856,False,12.966031235501475,14,True,0.0013918932713549,0.0020295282604254,0.866113,0.866113,1.08264,0.9382886666666668,19.0,0.13345857334429714,0.033180358421661595,0.0310757448092479,19.0,0.46653132496763056,0.46653132496763056,0.03310734006403362,True,-12.966031235501475,
102,103,V,V,V,True,14.79092459386658,False,9.620751581867188,14,True,0.0159162526906925,0.0217876753385645,0.85673,0.899554,0.85673,0.8710046666666665,19.0,0.17587862655363157,-0.07908073007861642,0.031077445742384625,19.0,0.4357006465005374,0.4300986776933996,0.03404885243764656,True,-9.620751581867188,
103,104,K,K,K,True,15.047051605391204,False,10.030809389077234,17,True,0.0026169131828216,0.0051311412093548,1.04442,1.01602,0.997777,1.0194056666666669,19.0,0.18319210593816057,-0.150174628394881,0.022253043004379178,19.0,0.3409452957888994,0.3409452957888994,0.025637589115976807,True,-10.030809389077234,
104,105,D,D,D,True,21.48278230155102,False,13.735991445833092,11,True,0.0006527620684346,0.0012142817645586,1.02625,1.02625,1.0093,1.0206000000000002,19.0,0.09843638493415277,0.04051498032198348,0.01701410512733078,19.0,0.2717165607833421,0.18021461068006683,0.02680896462674635,True,-13.735991445833092,
105,106,S,S,S,True,22.482581348957424,False,14.905420322822163,9,True,0.000111194372528,0.0002053137260718,1.05572,0.844574,0.844574,0.914956,19.0,0.06698132847063579,-0.05325547668292985,0.014005059986073556,19.0,0.2704143149140719,0.269292053058843,0.01988716391027458,True,-14.905420322822163,
106,107,E,E,E,True,27.533016361937086,False,17.448980944456327,12,True,0.0002807794541513,0.000694853140941,0.992909,0.992909,0.992909,0.992909,19.0,0.04666109077177639,0.03507772921909194,0.015434621951930103,19.0,0.1912842564950256,0.18729400217601186,0.019556422248677326,True,-17.448980944456327,
107,108,D,D,D,True,24.773240900678875,False,16.724306443018794,11,True,0.0001755862044229,0.000542837216008,1.0,1.0,1.0,1.0,19.0,0.0946139880108652,0.0940945763642125,0.015317027672832781,19.0,0.4606290372063687,0.4606290372063687,0.017335423679021075,True,-16.724306443018794,
108,109,V,V,V,True,19.773872984321496,False,13.600449294049076,20,True,0.0006815426228893,0.0011763840362219,1.0,1.0,1.0,1.0,19.0,0.16901183822167748,0.14578000111835443,0.021152070758175285,19.0,0.7616592995049188,0.7616592995049188,0.025219761461245042,True,-13.600449294049076,
109,110,P,P,P,True,19.72825308607242,False,14.300368736504664,22,True,0.000694805215358,0.0009673554758982,0.915655,1.14457,0.915655,0.99196,19.0,0.4197278915046561,0.4197278915046561,0.016571829689310896,19.0,0.9564805570789214,0.9564805570789214,0.016641930079321268,True,-14.300368736504664,
110,111,M,M,M,True,22.277230026070583,False,14.559467744392306,28,True,0.0010690273528722,0.0013240520991277,1.0,1.25,1.0,1.0833333333333333,19.0,0.12862371262016078,0.11256213647259715,0.019128600729612907,19.0,0.7529442398462044,0.7529442398462044,0.022652335989790485,True,-14.559467744392306,
111,112,V,V,V,True,20.73813339345716,False,17.097644574619043,26,True,0.0003430949067802,0.0005330401785324,1.0,1.0,1.0,1.0,19.0,0.3499641852618991,0.31745027012077776,0.03125937816250159,19.0,1.3807216795223882,1.3807216795223882,0.025666220014035544,True,-17.097644574619043,
112,113,L,L,L,True,23.609247342980595,False,18.224838572673285,26,True,0.0001177203134353,0.0001860650357901,1.0,1.0,1.0,1.0,19.0,0.07893952843081274,-0.06528956400523095,0.009454447441247139,19.0,0.16820421593360235,0.16820421593360235,0.012648482908245015,True,-18.224838572673285,
113,114,V,V,V,True,17.54802152966165,False,15.565131030608129,29,True,0.0005990552069392,0.0006888498785505,0.981349,0.981349,1.22669,1.0631293333333334,19.0,0.1488109694071662,0.12006447651605762,0.01755324276300345,19.0,0.5726078219954878,0.5726078219954878,0.02044428288340099,True,-15.565131030608129,
114,115,G,G,G,True,20.67826647132023,False,16.757832705931875,29,True,0.0004540518404592,0.0006179001303553,1.0,1.0,1.0,1.0,19.0,0.07193885592712282,-0.014031739144375823,0.01413440827740989,19.0,0.41645824982399665,0.41645824982399665,0.016048343144893073,True,-16.757832705931875,
115,116,N,N,N,True,13.805810824691214,False,13.959018769240195,27,True,0.001729612771729,0.002260567259731,0.994987,0.978553,1.01016,0.9945666666666666,19.0,0.27305884213037257,-0.04616846041531358,0.020859832548967942,19.0,0.4868513415920283,0.17301995910794413,0.017694832004242832,True,-13.959018769240195,
116,117,K,K,K,True,13.531245275667215,False,13.34462329929174,23,True,0.0007638750461947,0.0010747773295034,0.985603,0.729143,1.07292,0.929222,19.0,0.21954731867776744,-0.21712838208600882,0.017835475432745704,19.0,0.20745685678540945,-0.01920279363516313,0.0190085543281043,True,-13.34462329929174,
117,118,C,C,C,True,20.992835118096323,False,16.21253126442629,20,True,0.000274607730447,0.0004498387214874,1.15524,0.92419,1.3117,1.1303766666666666,19.0,0.03839577874873352,0.011799427845773171,0.010377555968208921,19.0,0.3388589281574644,0.3388589281574644,0.013880287247127721,True,-16.21253126442629,
118,119,D,D,D,True,16.56225675652613,False,15.167448071445635,16,True,0.0002090102654637,0.0003714339955852,0.961083,1.0393,0.768866,0.923083,19.0,0.08562091106015751,-0.04897825369519792,0.019917364996382726,19.0,0.7796479014626148,0.7796479014626148,0.023877217985542935,True,-15.167448071445635,
119,120,L,L,L,True,17.486331974551593,False,15.84563479321671,12,True,8.631684115024625e-05,0.0003360257424314,1.0,1.0,1.0,1.0,16.0,0.12095740057111885,-0.10589854409904842,0.025172874049578818,19.0,0.2803158555078113,0.2775574627840052,0.024710620432324273,True,-15.84563479321671,
120,121,P,P,P,True,21.202863271223116,False,19.42492836537628,9,True,1.5499078758611217e-05,7.298992512339082e-05,1.0,1.0,1.0,1.0,19.0,0.037529412703425094,-0.02116773295349923,0.008226582237281581,19.0,0.17503452368351946,0.17503452368351946,0.009764468967332027,True,-19.42492836537628,
121,122,S,S,S,True,25.41716108221588,False,21.708685957468727,10,True,1.1532698829273436e-05,7.110176064187625e-05,1.0,1.0,1.0,1.0,19.0,0.07197190545486279,0.04654829335852441,0.00977986612174973,19.0,0.26896487991942336,0.24699150703404577,0.012794998469529613,True,-21.708685957468727,
122,123,R,R,R,True,24.546767133824464,False,21.748150404114828,15,True,0.0001176262501537,0.0003627209369506,1.0,1.0,1.0,1.0,19.0,0.06393737503089647,-0.03713952157293647,0.009872677063290324,19.0,0.11217374954936346,0.044483982603714216,0.010400358489889357,True,-21.748150404114828,
123,124,T,T,T,True,24.490763555267836,False,22.656715251774692,13,True,5.8253431730074155e-05,0.0001541705919674,1.0,1.0,1.0,1.0,19.0,0.04229074004736692,0.03144278698112067,0.00644707228827397,19.0,0.1512686413043502,0.15079870401230025,0.008241362752478311,True,-22.656715251774692,
124,125,V,V,V,True,24.520541221205427,False,22.631993571048927,19,True,4.758660163341279e-05,0.0001029753262497,1.0,1.0,1.0,1.0,19.0,0.04748008378464385,0.045284623241008286,0.0057386696729845674,19.0,0.17658556466259315,0.17658556466259315,0.007645717280327607,True,-22.631993571048927,
125,126,D,D,D,True,29.969033021829848,False,25.77932002594327,12,True,2.4438269767847796e-05,5.730966902116791e-05,1.0,1.0,1.0,1.0,19.0,0.09713303168589338,0.09713303168589338,0.005478203315961841,19.0,0.30603938174273426,0.30603938174273426,0.007481643449210527,True,-25.77932002594327,
126,127,T,T,T,True,28.62814301465342,False,24.4837058265288,15,True,6.8239623253433e-05,0.0001373428408669,1.0,1.0,1.0,1.0,19.0,0.09615499224577193,0.09360257850580254,0.007885609820231898,19.0,0.10839827157164447,0.10839827157164447,0.011270204311585605,True,-24.4837058265288,
127,128,K,K,K,True,33.45951530245972,False,27.676877948930585,9,True,2.0608443792629425e-05,7.604587575148487e-05,1.0,1.0,1.0,1.0,19.0,0.12449118220378803,0.12449118220378803,0.006423281690367199,19.0,0.0949032435185926,0.08664536368314692,0.009836061398247773,True,-27.676877948930585,
128,129,Q,Q,Q,True,29.399219053954727,False,27.085855884575626,11,True,2.8660865519346247e-05,4.6237519542442784e-05,1.0,1.0,1.0,1.0,19.0,0.08381461633153997,-0.025225062178530377,0.020505893126621013,19.0,0.17141880599656734,0.17081363468673333,0.027196037939562837,True,-27.085855884575626,
129,130,A,A,A,True,26.791165729999673,False,24.06201841076513,21,True,2.9483757561947932e-05,0.0001029632815944,1.0,1.0,1.0,1.0,19.0,0.10766722538777634,-0.017117087083223327,0.014877865649540347,19.0,0.38943668367444,0.3849832022760336,0.020849056217339883,True,-24.06201841076513,
130,131,Q,Q,Q,True,29.662272890954934,False,25.42172403673677,18,True,3.865732447585065e-05,0.0001865007959752,1.0,1.0,1.0,1.0,19.0,0.0598378655712683,0.0173664261737249,0.016993955870448912,19.0,0.2603189116183803,0.2603189116183803,0.021530850672550738,True,-25.42172403673677,
131,132,D,D,D,True,33.49443627519373,False,27.626445102473827,12,True,3.0029609049166064e-05,0.0001202588702133,1.0,1.0,1.0,1.0,19.0,0.12362922862200139,0.12325080722148503,0.008740160430485326,19.0,0.36850007473079094,0.35590168821275514,0.012336063811329599,True,-27.626445102473827,
132,133,L,L,L,True,27.07928408887135,False,24.173803300267004,17,True,8.288850024608603e-05,0.000204683868768,1.0,1.0,1.0,1.0,19.0,0.13739196398650125,0.13405275648426165,0.009072312377347156,19.0,0.26762791108782663,0.2671331417100251,0.012080258979829105,True,-24.173803300267004,
133,134,A,A,A,True,27.70338709138577,False,22.60297161879385,18,True,5.5604866941428685e-05,0.0001865224253348,1.0,1.0,1.0,1.0,18.0,0.14059608787279826,4.604493813635817e-05,0.04123192321270972,19.0,0.7563464963918606,0.7563464963918606,0.04454536281743836,True,-22.60297161879385,
134,135,R,R,R,True,33.0052782229493,False,25.41958213661271,13,True,1.894331889049315e-05,9.778957759743892e-05,1.0,1.0,1.0,1.0,19.0,0.0663301258845463,-0.027504706892501545,0.02518304179007258,19.0,0.36034872514018884,0.3452855927551827,0.0336420967166425,True,-25.41958213661271,
135,136,S,S,S,True,31.502742312822622,False,24.75659615132904,9,True,1.3032935427256584e-05,0.0001242392477403,1.0,1.0,1.0,1.0,19.0,0.0897813019531513,0.003071671450599225,0.026278048372958322,19.0,0.346224729692904,0.3431343416698513,0.031863352509495915,True,-24.75659615132904,
136,137,Y,Y,Y,True,27.66490613049044,False,21.21298753122718,16,True,0.0001828181317477,0.0007093247680272,1.0,1.0,1.0,1.0,19.0,0.07557722584512312,0.06540560257439182,0.01134554883464838,19.0,0.41450150908271666,0.4017600326501811,0.01649421487725536,True,-21.21298753122718,
137,138,G,G,G,True,30.83537868799117,False,22.555001640434437,13,True,5.902437735901019e-05,0.0001965485179842,1.0,1.0,1.0,1.0,16.0,0.24658185325763385,0.21959029981238293,0.04737736394256433,18.0,0.3970646706239675,0.3970646706239675,0.03640779627935894,True,-22.555001640434437,
138,139,I,I,I,True,25.202247595361943,False,20.57380397495806,16,True,9.435010805242996e-05,0.0002557819817422,1.0,1.0,1.0,1.0,18.0,0.15639233161456517,0.14482428295490296,0.02825308213858511,19.0,0.4542290199636043,0.4463799982150909,0.036155000984778446,True,-20.57380397495806,
139,140,P,P,P,True,24.91823781804384,False,21.699423056846467,18,True,0.000130853697413,0.0003162592742334,1.0,1.0,1.0,1.0,6.0,0.967539514555497,0.967539514555497,0.05203808663454695,11.0,0.35267966892291,0.3494667459555781,0.03238995330926789,False,-21.699423056846467,insufficient_binding_coverage
140,141,F,F,F,True,23.94623242080601,False,20.37786644867416,21,True,0.0001132028437855,0.0003142750327582,1.0,1.0,1.0,1.0,17.0,0.39099836754691486,0.3575772412641135,0.04567052990852668,19.0,0.460729631701431,0.460729631701431,0.054196045288566586,True,-20.37786644867416,
141,142,I,I,I,True,20.06249466140146,False,17.832044470559172,20,True,0.0001304447554604,0.0003782277918844,1.0,1.0,1.0,1.0,18.0,0.28050047869709344,0.23197361866137184,0.024572552541717068,18.0,0.1855819618998249,0.14513308542807576,0.02985531866388389,True,-17.832044470559172,
142,143,E,E,E,True,22.6307983647122,False,17.048817495650546,23,True,0.0001222579528959,0.0003386326632822,0.981349,0.981349,0.981349,0.981349,6.0,0.08814698243097271,0.03725902098976995,0.042873254000806216,12.0,0.10544794377464534,0.1031180968081398,0.025242527610845535,False,-17.048817495650546,insufficient_binding_coverage
143,144,T,T,T,True,16.826826448403736,False,13.688609498411443,25,True,0.0008421516415719,0.0010839173875717,1.06311,0.9363,1.1022,1.03387,10.0,0.2566494951684491,0.23131847672537936,0.04178024091205381,17.0,0.20509985041470152,0.07941073268574371,0.02126240966745463,True,-13.688609498411443,
144,145,S,S,S,True,16.408724688840536,False,12.164289539467564,22,True,0.0017794861684865,0.0023752302953236,0.994987,1.03755,1.05005,1.027529,17.0,0.205367705718359,0.0146904402276208,0.03528236847795223,19.0,0.028101546546141592,0.027234201538537107,0.00972060887611047,True,-12.164289539467564,
145,146,A,A,A,True,11.868282008369734,False,8.705334169346973,26,True,0.0221890084271843,0.0295402656828687,1.00009,0.98432,1.03793,1.0074466666666666,6.0,1.0691286130861337,1.0691286130861337,0.02917336957613365,9.0,0.27722817681101763,0.27722817681101763,0.027343236944619452,False,-8.705334169346973,insufficient_binding_coverage
146,147,K,K,K,True,13.979510884643805,False,8.336858760948273,20,True,0.0176920806716287,0.0259856943579737,1.05791,1.05791,1.07567,1.06383,4.0,0.04554826059529766,0.03197218087924873,0.03990489206533667,8.0,0.06394950495084639,0.023574059704377193,0.016746358723699433,False,-8.336858760948273,insufficient_binding_coverage
147,148,T,T,T,True,17.87094917495354,False,11.555138813532269,14,True,0.0021524503247554,0.0031134980883865,1.03584,1.06392,1.03584,1.0452,5.0,0.11153496363812362,0.031660817913369305,0.05134151908419766,9.0,0.0373942081548441,-0.035439355624120025,0.00409997418998462,False,-11.555138813532269,insufficient_binding_coverage
148,149,R,R,R,True,11.35237629407814,False,10.848874365573604,18,True,0.0038757733819385,0.0081155758040464,1.0041,1.041,1.01938,1.0214933333333331,15.0,0.09399693674910453,0.08150152609136327,0.010056941688017221,19.0,0.09173524194564492,0.0785503664145444,0.010922147714409833,True,-10.848874365573604,
149,150,Q,Q,Q,True,19.193245737256788,False,14.015903930892222,17,True,0.0004298290265383,0.0007069764255377,0.874958,0.874958,1.0937,0.947872,17.0,0.10817479763905864,0.08862101377675921,0.02859604439185915,19.0,0.06929349921922662,0.003960536668386429,0.016668584958083772,True,-14.015903930892222,
150,151,G,G,G,True,18.018796518897155,False,13.999008536321425,19,True,0.0005010041828941,0.0007377537116703,1.0,1.0,1.0,1.0,19.0,0.11108713181759106,-0.06673987960146882,0.03970970970979745,19.0,0.4626220308924038,0.4626220308924038,0.04782724527168078,True,-13.999008536321425,
151,152,V,V,V,True,11.86277278881156,False,10.379323147488954,22,True,0.0028765174769891,0.0043400160076,0.862593,1.07824,1.07824,1.0063576666666667,19.0,0.07083653040770276,-0.06439477163176908,0.014774120799432309,19.0,0.3643730854077517,0.3626534842948921,0.02061920389997577,True,-10.379323147488954,
152,153,D,D,D,True,13.43604102508693,False,10.160711441626512,15,True,0.002293342650006,0.0034002341092789,0.87864,1.04622,1.05975,0.99487,19.0,0.03983169811918401,0.03680949571473428,0.006117955405191559,19.0,0.07935817136935279,-0.022398809277251158,0.0111777046106513,True,-10.160711441626512,
153,154,D,D,D,True,19.53754778872671,False,13.719986807573829,14,True,0.0001585219886315,0.0003977517481645,0.862593,0.862593,1.16599,0.9637253333333334,19.0,0.10912361826510233,0.10553100942642718,0.007772207841324709,19.0,0.22109277572013858,0.22053201380487,0.01229237859265496,True,-13.719986807573829,
154,155,A,A,A,True,16.52618325035189,False,13.380680887010197,22,True,0.0006443493950863,0.000980753311508,1.0,1.0,1.0,1.0,19.0,0.09122782446306077,-0.07188848646912799,0.01575065644846262,19.0,0.5801198523117874,0.5801198523117874,0.023013441621978898,True,-13.380680887010197,
155,156,F,F,F,True,11.175870992556314,False,10.911363709454468,23,True,0.0040556021536452,0.0067096303148656,1.0,1.0,1.0,1.0,19.0,0.1495031504335885,0.13541591343057355,0.019632589988374218,19.0,0.537447372315704,0.4978925061422742,0.028775318768477633,True,-10.911363709454468,
156,157,Y,Y,Y,True,15.394306633954876,False,12.721055420050648,18,True,0.0017892841295197,0.0044737608680659,0.805059,1.08822,1.00632,0.966533,19.0,0.056194165787508236,-0.004248372934001008,0.015178294117003444,19.0,0.1057617358010048,-0.012947999649839127,0.01978771479853075,True,-12.721055420050648,
157,158,T,T,T,True,21.09659248754358,False,16.01525978559199,19,True,0.0003082891118413,0.0007817604205152,1.0,1.0,1.25,1.0833333333333333,19.0,0.09093998265156039,0.05528996889067985,0.023386209356991927,19.0,0.37861175552102744,0.37861175552102744,0.03394569323893369,True,-16.01525978559199,
158,159,L,L,L,True,16.57323479369471,False,15.188274490540394,23,True,0.0006127938015238,0.0008407244806759,1.0,1.0,1.0,1.0,19.0,0.1574372955397438,0.15400153915774303,0.015345339494707948,19.0,0.5904626709820026,0.5904626709820026,0.01962322590164546,True,-15.188274490540394,
159,160,V,V,V,True,15.644421065531064,False,13.582606598146029,24,True,0.0018137459986313,0.0031465468927539,1.0,1.0,1.0,1.0,19.0,0.09489665349060718,0.0582988210623558,0.019506058358173716,19.0,0.624169053458883,0.624169053458883,0.02546375682866608,True,-13.582606598146029,
160,161,R,R,R,True,21.82483932140877,False,17.1888240726351,14,True,0.0002531866542616,0.0016391740043979,1.0,1.0,1.0,1.0,15.0,0.23174326933052844,0.15850756111801956,0.06683650265166742,18.0,0.004713150534696419,0.0018863170952919087,0.006187358900571037,True,-17.1888240726351,
161,162,E,E,E,True,22.338658693420523,False,18.230855245983385,19,True,0.0002354224048637,0.0006560427881174,1.0,1.0,1.0,1.0,19.0,0.10757513872879929,0.0848259926504931,0.02328677499474688,19.0,0.5882450398674884,0.5882450398674884,0.028068060621830312,True,-18.230855245983385,
162,163,I,I,I,True,16.00200810291461,False,15.641163192039144,18,True,0.0010738008948822,0.0013426717114269,1.0,1.0,1.0,1.0,12.0,0.38188735658556844,0.37902475099054767,0.0592244378434278,16.0,0.7200374002329093,0.7177661863645728,0.051908254942164125,True,-15.641163192039144,
163,164,R,R,R,True,18.220173371318097,False,17.832352256502784,12,True,0.0003652182650866,0.0004971074233645,1.0,1.0,1.0,1.0,18.0,0.12827215040223647,-0.05337306658016039,0.04460413605228128,19.0,0.43692581804584857,0.38173741451547,0.05975294942255534,True,-17.832352256502784,
164,165,K,K,K,True,24.15481254839044,False,20.651444235210285,8,True,3.840499868782503e-05,0.0002247184032103,1.0,1.0,1.0,1.0,19.0,0.10306780793424167,0.0348543348240651,0.0382436552145892,19.0,0.5129926990260671,0.5129926990260671,0.04245902512486074,True,-20.651444235210285,
165,166,H,H,H,True,19.87864659443603,False,18.16754256909833,11,True,0.0001961010180588,0.0004428371653766,1.0,1.0,1.0,1.0,19.0,0.07085268954336195,0.056960007736244184,0.012288712819105862,19.0,0.33310660356613203,0.33310660356613203,0.01945467343058982,True,-18.16754256909833,
