node_index,canonical,mavedb_wt,input_wt,reference_wt,sequence_match,raf_min_sidechain_heavy_A,receiver,receiver_CA_distance_A,degree,structural_candidate,gaussian,harmonic,ohm_seed11,ohm_seed29,ohm_seed47,ohm,binding_count,outcome,binding_weighted_signed_ddG,binding_aggregate_sigma_formula,folding_count,folding,folding_weighted_signed_ddG,folding_aggregate_sigma_formula,primary_eligible,negative_distance,exclusion,fold,geometry_prediction,geometry_gaussian_prediction,geometry_harmonic_prediction,geometry_harmonic_gaussian_prediction,test_outcome_train_percentile,geometry_squared_error,geometry_gaussian_squared_error,geometry_harmonic_squared_error,geometry_harmonic_gaussian_squared_error,sequence_block10
1,2,T,T,T,True,14.239941310970126,False,12.04033006192106,9,True,0.0008361068363361,0.0043459415907045,1.0,1.0,1.0,1.0,19.0,0.0723170560401836,-0.0670327250187235,0.0055278689506784,19.0,0.1093912646444629,0.0132261548982285,0.0049677689235426,True,-12.04033006192106,,0,0.4283150449568328,0.4106520690275388,0.4287039812385188,0.38961453718066297,0.22105263157894736,0.04295770799922547,0.035947946680822344,0.04311908301544161,0.02841311602008168,0
2,3,E,E,E,True,5.371904272100139,False,9.135281987984824,13,True,0.0135026044858873,0.0255377833541181,0.959935,0.959935,0.959935,0.959935,19.0,0.2777862650108042,0.2773691441649965,0.0093609295704845,19.0,0.3502385064095,0.3488619104863055,0.0060596451108612,True,-9.135281987984824,,0,0.5046824824447377,0.5158925723699337,0.5048858584611028,0.5214131599414636,0.9263157894736842,0.17777464559616588,0.16844721713779232,0.17760318675326914,0.16394613940210664,0
3,4,Y,Y,Y,True,12.992113671314089,False,9.635895495489766,19,True,0.0135758507270478,0.0188306162242339,1.05099,0.925631,1.00096,0.992527,19.0,0.1212009315241585,-0.0624364496213954,0.0199168891990541,19.0,0.2719729166440822,0.2719446883060459,0.0077571362126936,True,-9.635895495489766,,0,0.5916408368609645,0.5980493840738045,0.5920433679936447,0.5962260169048371,0.5263157894736842,0.004267361816150415,0.005145708594254408,0.004320114578097569,0.004887439899475529,0
4,5,K,K,K,True,7.0716430825555445,False,9.096979773529236,20,True,0.0264861837959193,0.035958802854252,1.03769,0.953934,1.01556,1.0023946666666663,19.0,0.1307014736064626,0.0479225941414752,0.0196051900049148,19.0,0.5417035113153513,0.5417035113153513,0.0146299483286765,True,-9.096979773529236,,0,0.6083075525571358,0.6240063077172222,0.6090503977369207,0.6237702715266821,0.5789473684210527,0.0008620204125047058,0.002030308010495893,0.0009061923739920117,0.0020090926428166433,0
5,6,L,L,L,True,12.607724299965565,False,9.451114220027184,27,True,0.0268949402960942,0.0340131954968839,1.0,1.0,1.0,1.0,19.0,0.3176414727679177,0.2483246782122053,0.0163548259093259,19.0,1.174617504420321,1.174617504420321,0.0155349088685301,True,-9.451114220027184,,0,0.6662797888346202,0.6787775155198027,0.6674192900599368,0.6690554298898991,0.9473684210526315,0.07901081916219241,0.07214107453494498,0.07837151594356494,0.07745812104994719,0
6,7,V,V,V,True,12.236651762059678,False,7.861421563559609,22,True,0.026819844867866,0.0369457481436918,1.0,1.0,1.0,1.0,19.0,0.3928658138811159,0.3421764234571671,0.0180637932453323,19.0,0.5057425954919419,0.5057255878891203,0.0087568835347155,True,-7.861421563559609,,0,0.6318248032753419,0.642508049644307,0.6325089492513796,0.6392403306605757,0.9789473684210527,0.12049407523333826,0.11319141521896071,0.12001957827678213,0.11540087150399811,0
7,8,V,V,V,True,11.46571351837622,False,9.887093860179544,25,True,0.0161894323254436,0.021716939247735,1.05103,1.0479,1.05569,1.05154,19.0,0.1846769666930584,0.1629326431303194,0.0222965025942716,19.0,1.0068333790830446,1.0068333790830446,0.0156385088785953,True,-9.887093860179544,,0,0.6496419746311782,0.6608204160241417,0.6504519400653392,0.6557643059034242,0.8,0.022607535792811263,0.019370956595693017,0.0223646222302209,0.020803935451521014,0
8,9,V,V,V,True,14.918220715020926,False,10.807425734188508,22,True,0.0037817588621482,0.0050429838600399,1.27926,1.14163,1.14163,1.1875066666666667,19.0,0.1840903934471122,0.0849967169739425,0.0149949589022945,19.0,0.5595801677565536,0.5594597071883813,0.0064471773538696,True,-10.807425734188508,,0,0.6148979741446078,0.6247657620327439,0.615804516689969,0.6169707183536092,0.8,0.0342627599757703,0.03070703815596495,0.033927976071815906,0.03349971793999387,0
9,10,G,G,G,True,17.39303637747609,False,11.972211073982953,25,True,0.0028851827606308,0.0038911025827614,1.2655,1.18897,1.09764,1.1840366666666666,19.0,0.4373075873953762,0.2875189000537127,0.0290620750026417,19.0,1.955389289336943,1.955389289336943,0.0312765824556607,True,-11.972211073982953,,0,0.6369468527831277,0.6481403647948574,0.6376267439302945,0.6453589676204237,0.9894736842105263,0.12427516687624152,0.11650843494331906,0.123796269384561,0.11841493817388665,0
10,11,A,A,A,True,17.15660073792792,False,10.505080580366815,22,True,0.0022131614180704,0.0030208908072595,1.17608,1.17608,1.08513,1.1457633333333332,19.0,0.0976318862943521,-0.0743171385271199,0.0117938187174553,19.0,0.5249833399348577,0.5249833399348577,0.0057076441164415,True,-10.505080580366815,,0,0.6177191123330634,0.6080873229471806,0.6170712444676052,0.6115736281653823,0.4105263157894737,0.042928854939553375,0.03903035154916752,0.04266080756265443,0.04042002181357618,1
11,12,G,G,G,True,12.881189457599334,False,7.046846173998691,17,True,0.0234208231373699,0.0320190433950459,1.28077,1.128,1.128,1.178923333333333,19.0,0.0464627557172178,0.0450043323308506,0.0038540703988926,19.0,0.3818400416757744,0.3818400416757744,0.0034056704399779,True,-7.046846173998691,,0,0.5710603303021309,0.5873485258995266,0.5714616360754705,0.5935295756564265,0.042105263157894736,0.27979346305756336,0.2972902155651401,0.2802181695484515,0.3040687724144784,1
12,13,G,G,G,True,12.45720986518,False,7.2781358190129986,15,True,0.0181575521817935,0.0228154016777666,0.924773,0.924773,0.924773,0.924773,19.0,0.0926214488728996,-0.0124108691465805,0.012894808348914,19.0,0.3792212285514273,0.3792212285514273,0.0062152285288212,True,-7.2781358190129986,,0,0.5420453106706594,0.5569764136855837,0.5419736241972958,0.5702881965183209,0.3368421052631579,0.042108355509513265,0.0484591137446197,0.04207894006022657,0.05449707752231388,1
13,14,V,V,V,True,14.94353433389118,False,10.223717425672524,22,True,0.0021827566533621,0.002811996182146,1.2033,1.24754,1.14601,1.1989500000000002,19.0,0.0649192233831418,-0.0635774928163157,0.0061860198597853,19.0,0.4486824583968499,0.4486824583968499,0.0039258239303618,True,-10.223717425672524,,0,0.6191296814272913,0.6047614192395028,0.6183643232763939,0.6064641351068633,0.12631578947368421,0.2428655321024615,0.22891022064201072,0.24211175961739634,0.23054243381427877,1
14,15,G,G,G,True,11.390167559843253,False,9.533883311641691,28,True,0.0260097845425085,0.0373516507521804,1.10304,1.10304,1.04888,1.0849866666666668,19.0,0.980208012348854,0.980208012348854,0.046291968403013,19.0,2.6823661553795652,2.6823661553795652,0.0338666733699862,True,-9.533883311641691,,0,0.6731881268421135,0.684815324181431,0.6743460002804589,0.6740702507208862,1.0,0.1068060004369665,0.09934137987085645,0.10605052753333488,0.10623020146514597,1
15,16,K,K,K,True,12.137351171052453,False,8.635703619277356,27,True,0.0228395055334209,0.0285849462056908,1.31562,1.35546,1.31934,1.33014,19.0,0.4003627596855685,0.3989240710044576,0.0160849494928615,19.0,0.5458216928734286,0.5458216928734286,0.0054830769212885,True,-8.635703619277356,,0,0.6691009270230759,0.6771390239395513,0.6700054476775141,0.6679006948393688,0.9789473684210527,0.09600481724698987,0.09108827679866462,0.09544511039270685,0.09675003314623062,1
42,43,Q,Q,Q,True,7.88710108663428,False,6.87684062633416,14,True,0.020346126460217,0.0412506971552797,1.01851,0.997707,1.00172,1.005979,19.0,0.1161555450093046,0.0143867486889856,0.0102067288341641,19.0,0.527707544585389,0.527707544585389,0.0054683778043496,True,-6.87684062633416,,1,0.5084629336694344,0.5256388474053301,0.534811745618023,0.5338303936148577,0.4479166666666667,0.003665850447970439,0.006040737378773457,0.007550754745962452,0.007381168478128329,4
43,44,V,V,V,True,12.331202614409596,False,9.985886290159728,14,True,0.0128502126005144,0.0249269985756124,1.01933,1.03282,0.993663,1.015271,19.0,0.1029507572077431,-0.0923404957519688,0.016424257847485,19.0,0.2961903129514608,0.2961903129514608,0.0047250355903335,True,-9.985886290159728,,1,0.48874181452345067,0.5235396810654557,0.5290494559339652,0.5315586041192979,0.375,0.012937200371087053,0.022064036851027292,0.023731234873550697,0.02451059652378304,4
44,45,V,V,V,True,15.391153778456289,False,13.493247829933308,11,True,0.0007411818962535,0.0039077306350816,0.942285,0.996764,1.0394,0.9928163333333334,19.0,0.0943265881920863,-0.057431501329902,0.0117997221306337,19.0,0.3854795388064029,0.3854795388064029,0.0061931302411524,True,-13.493247829933308,,1,0.40861949236621303,0.4146274981135676,0.48021125812597243,0.45841188569717456,0.3125,0.009238956812738485,0.01043002587093675,0.028127066102196552,0.021290278387705332,4
45,46,I,I,I,True,15.434914265448498,False,15.28327039608997,12,True,0.000435624375913,0.0035294738471609,0.79317,1.07215,1.07215,0.9791566666666668,19.0,0.0905787567723208,-0.0875364937704676,0.0122881801561244,19.0,0.5875356408899671,0.5875356408899671,0.0071808449399749,True,-15.28327039608997,,1,0.39740170395840035,0.42678069676348374,0.5214876235125815,0.49262843134038764,0.2708333333333333,0.016019552442684333,0.024319580160815417,0.06282757318526275,0.04919306549995883,4
46,47,D,D,D,True,21.513688637257236,False,18.97756080216844,8,True,0.0001626227936097,0.0020275898002727,0.97916,0.97916,0.97916,0.97916,19.0,0.0957816246604868,0.0538189289787933,0.0116876821049768,19.0,0.6288485476264583,0.6288485476264583,0.0074950652170041,True,-18.97756080216844,,1,0.32161269138646864,0.37391101789033154,0.48748242337064684,0.45503507758892947,0.3333333333333333,0.00013737344764660375,0.0016465484840072525,0.023761941959331793,0.014811314554854531,4
47,48,G,G,G,True,20.249203877553537,False,18.99129453196911,7,True,0.0001320827752389,0.0023742180261052,1.0,1.0,1.0,1.0,19.0,0.0625708763285069,0.045973067971709,0.0068789011194652,19.0,0.6590436219140933,0.6590436219140933,0.0062543953416235,True,-18.99129453196911,,1,0.3201501116988733,0.36867313292935794,0.4938658286330322,0.45694308870936823,0.11458333333333333,0.04225770036758704,0.06456162625874795,0.1438552112407661,0.11721020210113847,4
48,49,E,E,E,True,16.62154351841722,False,16.374737738357826,9,True,0.0001080747524081,0.0025695541564614,1.0,1.0,1.0,1.0,19.0,0.0732297441590161,-0.010089420241936,0.0119679441202413,19.0,0.8166707668213308,0.8166707668213308,0.0044200712864931,True,-16.374737738357826,,1,0.3546603161532519,0.314550593221059,0.4799319373154806,0.4179665116208807,0.21875,0.01847161403687688,0.009177753661506815,0.06821600437986765,0.039687218502392506,4
49,50,T,T,T,True,12.179431683631222,False,13.065223189827256,13,True,0.0008938677040596,0.0047051191670962,1.0,1.0,1.0,1.0,19.0,0.0889110167896462,-0.0730028149287001,0.0107917282466168,19.0,0.4535127074016414,0.4535127074016414,0.0106420639920426,True,-13.065223189827256,,1,0.4468642821536147,0.4431697420102758,0.5127733817654164,0.4883631635864459,0.2604166666666667,0.03476271332076881,0.03339868654754687,0.06368391165543154,0.05195960545799891,4
50,51,C,C,C,True,12.824421665061523,False,10.144100798000776,16,True,0.0021987458750662,0.0073306272295938,1.0,1.0,1.0,1.0,19.0,0.0717091379566674,-0.0509525480170317,0.0132656168843645,19.0,0.3167930441242725,0.3167930441242725,0.013761299919993,True,-10.144100798000776,,1,0.5135512397350923,0.5001520074668852,0.5314029441276218,0.5189571327694846,0.1875,0.10630941093279064,0.09775127777307321,0.11826923497964616,0.10986383086376776,5
51,52,L,L,L,True,5.53354229888651,False,6.658116325207904,15,True,0.0148887203631482,0.0261956149483466,1.0,1.0,1.0,1.0,19.0,0.1830888371799323,-0.1550331637010827,0.0106670426289612,19.0,0.0738447808210164,0.0678864575591385,0.0076471306394985,True,-6.658116325207904,,1,0.5230887305453885,0.5202164013439009,0.5209549997248151,0.5203373773702706,0.7291666666666666,0.042468115756005585,0.043660213378454195,0.04335209825070452,0.04360967206803785,5
59,60,G,G,G,True,12.564380578743304,False,8.238864242114929,16,True,0.0279178612841441,0.0421072029517759,1.0,1.0,1.0,1.0,19.0,0.6173932597471101,0.6173932597471101,0.0103099041394503,19.0,0.3340456542066651,0.3340456542066651,0.0077546933834431,True,-8.238864242114929,,1,0.5302383405509248,0.5765617662529541,0.5640767563021836,0.5742346470815064,0.9895833333333334,0.210997822394271,0.17058681487353225,0.1810558470967658,0.1725145311711186,5
60,61,Q,Q,Q,True,8.398178501798029,False,9.273676617178324,11,True,0.0186992188480941,0.0521555092904264,0.998118,0.994567,1.01032,1.0010016666666666,19.0,0.067811381356903,0.0218045215261741,0.0062819183551078,19.0,0.2262928121883395,0.2262230368843995,0.0049679410002406,True,-9.273676617178324,,1,0.45109574898833193,0.5014044694545708,0.5032683971040804,0.5089948972675709,0.15625,0.08693401569649044,0.11913160778446628,0.12042176792868527,0.12442896254830911,6
61,62,E,E,E,True,15.309255569235011,False,6.402979540807546,12,True,0.0142579713644736,0.0797770475126418,0.995248,1.00777,1.00748,1.0034993333333333,19.0,0.0820834953128739,0.0719350215576663,0.0076291038928512,19.0,0.295821510122331,0.295821510122331,0.008788847699063,True,-6.402979540807546,,1,0.47628618054233546,0.4805926658646109,0.5060927001483158,0.4978661554770197,0.23958333333333334,0.0560282378768482,0.05808549836717193,0.07102724260012283,0.06671001621450712,6
62,63,E,E,E,True,7.579577600447355,False,7.552237549230028,8,True,0.0061863585492912,0.076110649613464,1.00164,0.987374,1.00687,0.998628,19.0,0.2376110084597248,0.2333396925327772,0.0064452961046202,19.0,0.5305661716942561,0.5305661716942561,0.006977186718337,True,-7.552237549230028,,1,0.43083735127191725,0.44429123420768823,0.4720808498048169,0.46422452612476967,0.8333333333333334,0.1620030155755838,0.1513537548920883,0.13050335685552106,0.13624131155892866,6
75,76,E,E,E,True,11.659151441434553,False,9.42816843294603,21,True,0.0145025382351468,0.0192807677682908,0.925631,0.925631,0.740505,0.8639223333333333,19.0,0.1343996213210795,0.0777642377218989,0.0101238210433634,19.0,0.2786140888264709,0.1540225468179193,0.0132608079691406,True,-9.42816843294603,,2,0.6356211231571591,0.6309082524325133,0.6295229625476595,0.6295690936293858,0.6555555555555556,0.0003973815950462372,0.0006074895512391311,0.0006776958987147592,0.0006752962034402681,7
76,77,G,G,G,True,17.01572284820083,False,10.74674318107584,25,True,0.0023932978302569,0.0034281094407282,0.926495,0.926495,0.926495,0.926495,19.0,0.106509455798041,-0.0028066333446468,0.0226660924822493,19.0,0.5128379923711449,0.5128379923711449,0.027281069325481,True,-10.74674318107584,,2,0.6738329633912361,0.6565112196714247,0.6640523310211536,0.6565546387665798,0.5,0.030217899161378833,0.02449576188303695,0.026913167313474148,0.024509354919334297,7
77,78,F,F,F,True,15.166279554403207,False,10.56329711785104,28,True,0.0026614052829107,0.0034994230911184,1.0,1.0,1.0,1.0,18.0,0.1523737379966454,0.1512755798293742,0.0106474613817306,18.0,0.8045295313765187,0.8045295313765187,0.0132895606615455,True,-10.56329711785104,,2,0.7039837379800719,0.6859852571688051,0.6956149885482849,0.6867355220139567,0.7,1.587016829386734e-05,0.0001964130166245277,1.9228325431672603e-05,0.00017594637624222584,7
78,79,L,L,L,True,14.57318109877395,False,13.266235374061475,23,True,0.0028273566719673,0.0036777459445215,1.0,1.0,1.0,1.0,19.0,0.2259445273204995,0.1498446854448172,0.0247809927438438,19.0,0.6601918219028564,0.6601918219028564,0.0262643037869604,True,-13.266235374061475,,2,0.6410195025235752,0.6817627952253162,0.6671263272348602,0.6828796788206689,0.8111111111111111,0.02893115531189552,0.016730986822491373,0.020731617987890683,0.016443300227258265,7
79,80,C,C,C,True,20.2170474095983,False,14.385071497910609,23,True,0.0009550076037613,0.0011363973165514,1.0,1.0,1.0,1.0,19.0,0.1705168032823508,0.0735914067368858,0.0135622522073623,19.0,0.5238304245514225,0.4387332584540384,0.01736657485764,True,-14.385071497910609,,2,0.6209398452192367,0.6500191510707407,0.6264428210095799,0.6456554185483456,0.7333333333333333,0.012632296170453562,0.006941252966084495,0.011425581624834466,0.007687416741043556,7
80,81,V,V,V,True,16.028793093017615,False,14.472820215839068,29,True,0.0012480024279315,0.0015333540570009,1.0,1.0,1.0,1.0,19.0,0.1405845188782845,0.1022097597857467,0.0154037162676634,19.0,0.7711031456536191,0.7711031456536191,0.0192090506102871,True,-14.472820215839068,,2,0.6752112394791407,0.7096149187399527,0.6974473413714035,0.7106332762754493,0.6666666666666666,7.300972454767182e-05,0.0018445523561505255,0.0009474499352788293,0.0019330627604910967,8
81,82,F,F,F,True,20.647492301341448,False,14.997902720047223,30,True,0.0010239395478651,0.0012429952409979,1.0,1.0,1.0,1.0,19.0,0.071298670576414,-0.0369251466082103,0.0072331700209213,19.0,0.2118998594242271,0.2038774823298646,0.0090248331102261,True,-14.997902720047223,,2,0.6758847332069291,0.7029838356848438,0.6978317231735133,0.7055280376071768,0.2,0.22646627929943008,0.2529927389602379,0.24783642459790955,0.255558596806963,8
82,83,A,A,A,True,17.328101061581542,False,15.023179756629418,28,True,0.0010671386438865,0.0012803862561316,1.0,1.0,1.0,1.0,19.0,0.2311260981002472,-0.1335662466227349,0.021721187977649,19.0,0.4449314635404026,0.273827889131209,0.0242456155727373,True,-15.023179756629418,,2,0.6638244233713949,0.6933750540772008,0.6852066601626607,0.695147038455486,0.8111111111111111,0.021693368385336666,0.013861779125892185,0.015851930768630746,0.013447666146879107,8
83,84,I,I,I,True,20.83064143770962,False,18.63512428185012,27,True,4.357673292148e-05,0.0001384598446319,1.0,1.0,1.0,1.0,19.0,0.1394355477674375,-0.1394355477674375,0.0085214182192554,19.0,0.1957959460896951,-0.1261152300616614,0.0095013322740512,True,-18.63512428185012,,2,0.6219813744432471,0.5128894281881373,0.5815910879873449,0.5214988649017792,0.6666666666666666,0.0019967753410923997,0.023647439074082476,0.007237854087621456,0.02107369066924965,8
85,86,N,N,N,True,18.718585900184515,False,16.658866257942044,19,True,0.0003282111420824,0.0002769421925035,1.0,1.0,1.0,1.0,19.0,0.1345780280640797,0.0901426994050785,0.0220753603496749,19.0,0.4251346529131767,0.4034968896223501,0.0254021618622639,True,-16.658866257942044,,2,0.5301716336770542,0.5355533632686346,0.48353744936063064,0.5160154188203806,0.6555555555555556,0.015721127865634125,0.014400526153667161,0.029590228858888463,0.019471449760071324,8
87,88,K,K,K,True,22.324296825978212,False,17.510126698570744,14,True,2.604664581198268e-05,8.46783987018293e-05,1.0,1.0,1.0,1.0,18.0,0.1254176858705739,0.0423858637188498,0.0241010107052716,19.0,0.2335779549036837,0.1489474457525857,0.0298173878360928,True,-17.510126698570744,,2,0.4192924761982054,0.30116973222011534,0.33118514039881364,0.2930504269822821,0.6111111111111112,0.03679438869985062,0.09606365834885183,0.07835854907922205,0.10116259878849876,8
89,90,F,F,F,True,24.376688338858283,False,18.46357091680805,26,True,5.36276532280338e-05,0.0002403681214948,1.0,1.0,1.0,1.0,14.0,0.0478490020925518,-0.0295142612525948,0.0305303779565535,19.0,0.433832216812346,0.4283214026395966,0.038217943129103,True,-18.46357091680805,,2,0.6119311162469685,0.510334193660041,0.5994536757709423,0.5282328285236108,0.07777777777777778,0.2853197889977819,0.18710505292090943,0.27214574254697466,0.20290975274243095,8
90,91,E,E,E,True,26.417216030080287,False,20.15168985469953,13,True,0.0001252298583328,0.0003434718575517,1.0,1.0,1.0,1.0,11.0,0.3020927222890642,0.2708218550632672,0.0778031553673143,17.0,0.2831214054079362,0.2831214054079362,0.0383307725257729,True,-20.15168985469953,,2,0.38379546996350034,0.40778009592366193,0.38144165648739037,0.4014716533736197,0.8888888888888888,0.255119361841738,0.23146567066845758,0.2575026936719404,0.23757556147734737,9
92,93,I,I,I,True,22.09592942796995,False,17.60508162434926,20,True,0.000127317267804,0.000300002374503,1.0,1.0,1.0,1.0,12.0,0.2519670219397442,0.1491822850051705,0.0615502490845807,19.0,0.7011961590875174,0.7011961590875174,0.058671384252063,True,-17.60508162434926,,2,0.539895574553548,0.4953950509054568,0.510654783556041,0.4938896255260586,0.8444444444444444,0.09275001415182219,0.12183547912993505,0.11141553771599537,0.1228886810669023,9
94,95,H,H,H,True,18.703374959581737,False,16.377237190686344,12,True,0.0002055948189781,0.0005743699040477,0.777363,0.777363,0.777363,0.7773629999999999,16.0,0.1631097741936114,-0.138344620090063,0.0230159167749953,19.0,0.2277848636434958,0.2250129010041291,0.0307211236996488,True,-16.377237190686344,,2,0.38142781237213186,0.3843325559047335,0.3668556151291647,0.3779528487007529,0.7222222222222222,0.11614082978507136,0.11416942660414388,0.12628542543683152,0.11852140154486494,9
95,96,Y,Y,Y,True,17.03297994473377,False,13.29647720262777,17,True,0.0004563717643151,0.0011937768710024,1.24616,1.24616,0.878014,1.1234446666666666,13.0,0.1764083440096695,-0.1045899347918365,0.0445281795410631,19.0,0.267471179808041,0.0174500372862672,0.0289964186140714,True,-13.29647720262777,,2,0.5304666623645112,0.45738021019843406,0.4946296357167631,0.4596980639662405,0.7444444444444445,0.0457864912238474,0.08240587458324833,0.06240743865964802,0.08108050119543808,9
96,97,R,R,R,True,24.027058303145672,False,14.618664986926818,17,True,0.0002716910371364,0.0005545378767389,1.0,1.0,1.0,1.0,18.0,0.2131526225400913,-0.13848785038667,0.0391028893573565,19.0,0.5178814660526003,0.0872561473389641,0.0355314408709829,True,-14.618664986926818,,2,0.5087137002848112,0.4561581035238036,0.4662258800370496,0.4512537281675192,0.8,0.08484770840176681,0.1182272497723474,0.11140516315704202,0.12162396211705463,9
97,98,E,E,E,True,23.683376879218,False,15.311800481981212,11,True,0.0002704690398096,0.0004586801357334,0.777363,0.777363,0.971704,0.8421433333333334,19.0,0.2066503183788974,0.1909487015957228,0.0241612141655486,19.0,0.6803280368898225,0.6803280368898225,0.028157140232218,True,-15.311800481981212,,2,0.3653369697139769,0.3603030589915064,0.319041821714286,0.3432361245795961,0.8,0.1889319498974283,0.19333339993222676,0.23132076925991268,0.20863323788906626,9
98,99,Q,Q,Q,True,18.27143872493254,False,12.17346778859664,14,True,0.0009843851377082,0.0025663793817374,0.523907,0.523907,0.654884,0.567566,12.0,0.1470832107850473,-0.103225232517923,0.0463001855774838,19.0,0.2906602308843741,0.2621930870429421,0.0419761857049656,True,-12.17346778859664,,2,0.4728382290097747,0.45851389634262163,0.4562315166147127,0.4552014989638629,0.6777777777777778,0.042000218649232736,0.04807664970201023,0.049082745835333064,0.04954019989064958,9
99,100,I,I,I,True,18.429183961107775,False,9.83456155606339,21,True,0.0180299579794701,0.0277398068853438,0.93622,1.04908,0.93622,0.97384,18.0,0.1566159173559983,0.0180321585014905,0.0375786255471957,19.0,0.8075772239316984,0.8075772239316984,0.0356488500431183,True,-9.83456155606339,,2,0.628927904055713,0.6603089832216555,0.6573543595104456,0.6644389321051766,0.7111111111111111,0.006754079521910447,0.002580856198096602,0.0028897883426556538,0.002178292293161999,9
100,101,K,K,K,True,23.421600467953517,False,12.690379860350909,16,True,0.0010691204189862,0.0015677815303419,1.18258,0.946066,0.946066,1.024904,18.0,0.0504028434663379,-0.0474486662678194,0.0073733285287417,19.0,0.1343897754854957,0.1343897754854957,0.0107416310331806,True,-12.690379860350909,,3,0.4708748493435864,0.4625567638444649,0.46998654898923625,0.5078241012941066,0.03896103896103896,0.18654953959917114,0.1794333381395151,0.1857829902950676,0.21983257122034205,10
101,102,R,R,R,True,16.39395796158856,False,12.966031235501475,14,True,0.0013918932713549,0.0020295282604254,0.866113,0.866113,1.08264,0.9382886666666668,19.0,0.1334585733442971,0.0331803584216615,0.0310757448092479,19.0,0.4665313249676305,0.4665313249676305,0.0331073400640336,True,-12.966031235501475,,3,0.43927412766409135,0.45478206390316617,0.4385716949440733,0.505224044610245,0.5064935064935064,0.004518444890212418,0.002674073294774058,0.004613372484156712,1.611533473053812e-06,10
102,103,V,V,V,True,14.79092459386658,False,9.620751581867188,14,True,0.0159162526906925,0.0217876753385645,0.85673,0.899554,0.85673,0.8710046666666665,19.0,0.1758786265536315,-0.0790807300786164,0.0310774457423846,19.0,0.4357006465005374,0.4300986776933996,0.0340488524376465,True,-9.620751581867188,,3,0.4407514080437645,0.4848663488764036,0.4406973494007453,0.5172123363175274,0.6753246753246753,0.05502461772284163,0.036274374113476435,0.055049982070214096,0.024999511746311275,10
103,104,K,K,K,True,15.047051605391204,False,10.030809389077234,17,True,0.0026169131828216,0.0051311412093548,1.04442,1.01602,0.997777,1.0194056666666669,19.0,0.1831921059381605,-0.150174628394881,0.0222530430043791,19.0,0.3409452957888994,0.3409452957888994,0.0256375891159768,True,-10.030809389077234,,3,0.48772485676889116,0.4604550212422877,0.48757025516714364,0.4512091006093092,0.7012987012987013,0.04561378706724352,0.05800567822311612,0.04567984868581015,0.0625448083729796,10
104,105,D,D,D,True,21.48278230155102,False,13.735991445833092,11,True,0.0006527620684346,0.0012142817645586,1.02625,1.02625,1.0093,1.0206000000000002,19.0,0.0984363849341527,0.0405149803219834,0.0170141051273307,19.0,0.2717165607833421,0.1802146106800668,0.0268089646267463,True,-13.735991445833092,,3,0.3834869172316615,0.3942755621805659,0.3827862336167043,0.4414878785356494,0.35064935064935066,0.0010783057790476984,0.0019032463325663396,0.0010327792468573832,0.008251638148549878,10
105,106,S,S,S,True,22.482581348957424,False,14.905420322822163,9,True,0.000111194372528,0.0002053137260718,1.05572,0.844574,0.844574,0.914956,19.0,0.0669813284706357,-0.0532554766829298,0.0140050599860735,19.0,0.2704143149140719,0.269292053058843,0.0198871639102745,True,-14.905420322822163,,3,0.3693068598267636,0.27380216505064275,0.3669018054876123,0.34796231013134526,0.09090909090909091,0.07750531773833785,0.03344987656894718,0.07617197850042116,0.06607635751252434,10
106,107,E,E,E,True,27.533016361937086,False,17.448980944456327,12,True,0.0002807794541513,0.000694853140941,0.992909,0.992909,0.992909,0.992909,19.0,0.0466610907717763,0.0350777292190919,0.0154346219519301,19.0,0.1912842564950256,0.1872940021760118,0.0195564222486773,True,-17.448980944456327,,3,0.3980043766890613,0.4376503380421171,0.39783190701830473,0.47380214224908507,0.025974025974025976,0.1384065818531522,0.16947738591798436,0.13827828369474096,0.20055002172646785,10
107,108,D,D,D,True,24.773240900678875,False,16.724306443018794,11,True,0.0001755862044229,0.000542837216008,1.0,1.0,1.0,1.0,19.0,0.0946139880108652,0.0940945763642125,0.0153170276728327,19.0,0.4606290372063687,0.4606290372063687,0.017335423679021,True,-16.724306443018794,,3,0.3823206432477091,0.37860985619486565,0.38177633407772293,0.4072668222702262,0.3116883116883117,0.004988926261516647,0.004478493119142683,0.0049123308824586135,0.009135251685057147,10
108,109,V,V,V,True,19.773872984321496,False,13.600449294049076,20,True,0.0006815426228893,0.0011763840362219,1.0,1.0,1.0,1.0,19.0,0.1690118382216774,0.1457800011183544,0.0211520707581752,19.0,0.7616592995049188,0.7616592995049188,0.025219761461245,True,-13.600449294049076,,3,0.5353467139422403,0.5033463028329398,0.5347201611237412,0.5179443991621837,0.6623376623376623,0.01612670097436874,0.025278252397159928,0.01628622661608516,0.02084941445046303,10
109,110,P,P,P,True,19.72825308607242,False,14.300368736504664,22,True,0.000694805215358,0.0009673554758982,0.915655,1.14457,0.915655,0.99196,19.0,0.4197278915046561,0.4197278915046561,0.0165718296893108,19.0,0.9564805570789214,0.9564805570789214,0.0166419300793212,True,-14.300368736504664,,3,0.5665586776270846,0.5492266512808727,0.5660574988384158,0.5663847493183227,0.961038961038961,0.15561469400071437,0.16958937846829172,0.15601035548208073,0.15575194682883842,10
110,111,M,M,M,True,22.277230026070583,False,14.559467744392306,28,True,0.0010690273528722,0.0013240520991277,1.0,1.25,1.0,1.0833333333333333,19.0,0.1286237126201607,0.1125621364725971,0.0191286007296129,19.0,0.7529442398462044,0.7529442398462044,0.0226523359897904,True,-14.559467744392306,,3,0.6373298571104952,0.6629191926640025,0.6376553569718189,0.661280512946167,0.4935064935064935,0.020685159918368872,0.028700662635832635,0.02077889483834501,0.028148121598943927,11
111,112,V,V,V,True,20.73813339345716,False,17.097644574619043,26,True,0.0003430949067802,0.0005330401785324,1.0,1.0,1.0,1.0,19.0,0.3499641852618991,0.3174502701207777,0.0312593781625015,19.0,1.3807216795223882,1.3807216795223882,0.0256662200140355,True,-17.097644574619043,,3,0.6167727332219104,0.616599858092216,0.6167222719785478,0.6193700525120961,0.9090909090909091,0.08544991594337883,0.08555101491432009,0.0854794199669396,0.08393817473676111,11
112,113,L,L,L,True,23.609247342980595,False,18.224838572673285,26,True,0.0001177203134353,0.0001860650357901,1.0,1.0,1.0,1.0,19.0,0.0789395284308127,-0.0652895640052309,0.0094544474412471,19.0,0.1682042159336023,0.1682042159336023,0.012648482908245,True,-18.224838572673285,,3,0.6163062236283293,0.5595221755639275,0.6155236871588273,0.5666021221992313,0.19480519480519481,0.17766311729896087,0.13301847605376577,0.17700404980831355,0.13823295521964646,11
113,114,V,V,V,True,17.54802152966165,False,15.565131030608129,29,True,0.0005990552069392,0.0006888498785505,0.981349,0.981349,1.22669,1.0631293333333334,19.0,0.1488109694071662,0.1200644765160576,0.0175532427630034,19.0,0.5726078219954878,0.5726078219954878,0.0204442828834009,True,-15.565131030608129,,3,0.6447440900370554,0.6415953001886547,0.6446132314517184,0.6469882400199833,0.5844155844155844,0.0036395285905198534,0.00326951989588911,0.00362375670868698,0.003915337229386719,11
114,115,G,G,G,True,20.67826647132023,False,16.757832705931875,29,True,0.0004540518404592,0.0006179001303553,1.0,1.0,1.0,1.0,19.0,0.0719388559271228,-0.0140317391443758,0.0141344082774098,19.0,0.4164582498239966,0.4164582498239966,0.016048343144893,True,-16.757832705931875,,3,0.6443553320424046,0.6560677393306339,0.6445357151212301,0.6535226055813329,0.15584415584415584,0.23864316927059642,0.25022363347605353,0.2388194401086582,0.2476838393327999,11
115,116,N,N,N,True,13.805810824691214,False,13.959018769240195,27,True,0.001729612771729,0.002260567259731,0.994987,0.978553,1.01016,0.9945666666666666,19.0,0.2730588421303725,-0.0461684604153135,0.0208598325489679,19.0,0.4868513415920283,0.1730199591079441,0.0176948320042428,True,-13.959018769240195,,3,0.6258197497260041,0.6443861447662018,0.6261477476663213,0.6379472826439903,0.8571428571428571,0.053510380024988924,0.04526541866132282,0.05335874060207675,0.048046699879888286,11
116,117,K,K,K,True,13.531245275667215,False,13.34462329929174,23,True,0.0007638750461947,0.0010747773295034,0.985603,0.729143,1.07292,0.929222,19.0,0.2195473186777674,-0.2171283820860088,0.0178354754327457,19.0,0.2074568567854094,-0.0192027936351631,0.0190085543281043,True,-13.34462329929174,,3,0.588774980749984,0.5354140577225923,0.5878491645266082,0.552955319265505,0.7662337662337663,0.031491620545379045,0.05327773783718331,0.031821066126221424,0.04548769594119343,11
117,118,C,C,C,True,20.992835118096323,False,16.21253126442629,20,True,0.000274607730447,0.0004498387214874,1.15524,0.92419,1.3117,1.1303766666666666,19.0,0.0383957787487335,0.0117994278457731,0.0103775559682089,19.0,0.3388589281574644,0.3388589281574644,0.0138802872471277,True,-16.21253126442629,,3,0.534258191557218,0.5237809044705245,0.5336221181111886,0.5531966730812341,0.0,0.28543181524598904,0.2743464358879607,0.28475256493747136,0.3060265591081458,11
118,119,D,D,D,True,16.56225675652613,False,15.167448071445635,16,True,0.0002090102654637,0.0003714339955852,0.961083,1.0393,0.768866,0.923083,19.0,0.0856209110601575,-0.0489782536951979,0.0199173649963827,19.0,0.7796479014626148,0.7796479014626148,0.0238772179855429,True,-15.167448071445635,,3,0.4696308237607038,0.42260735491780715,0.4682010700932523,0.4731611974972812,0.2077922077922078,0.06855946081229752,0.04614554743459289,0.06781277556492435,0.07042070069709135,11
119,120,L,L,L,True,17.486331974551593,False,15.84563479321671,12,True,8.631684115024625e-05,0.0003360257424314,1.0,1.0,1.0,1.0,16.0,0.1209574005711188,-0.1058985440990484,0.0251728740495788,19.0,0.2803158555078113,0.2775574627840052,0.0247106204323242,True,-15.84563479321671,,3,0.3983931346837122,0.3168284567591903,0.39704570051821914,0.33976961978616865,0.45454545454545453,0.0031530830258554242,0.018965971479261906,0.003306221713192573,0.013173492244690896,11
120,121,P,P,P,True,21.202863271223116,False,19.42492836537628,9,True,1.5499078758611217e-05,7.298992512339082e-05,1.0,1.0,1.0,1.0,19.0,0.037529412703425,-0.0211677329534992,0.0082265822372815,19.0,0.1750345236835194,0.1750345236835194,0.009764468967332,True,-19.42492836537628,,3,0.3676740762492301,0.3310414280422568,0.3664207667900582,0.37839888966794405,0.0,0.13518422634572466,0.10958842708025668,0.13426417833501422,0.1431857197019329,12
121,122,S,S,S,True,25.41716108221588,False,21.708685957468727,10,True,1.1532698829273436e-05,7.110176064187625e-05,1.0,1.0,1.0,1.0,19.0,0.0719719054548627,0.0465482933585244,0.0097798661217497,19.0,0.2689648799194233,0.2469915070340457,0.0127949984695296,True,-21.708685957468727,,3,0.3731958751446852,0.35608137828574105,0.3723526295804632,0.39293948766774256,0.15584415584415584,0.04724176988289611,0.040094945251120874,0.046875919199625304,0.05621419637253669,12
122,123,R,R,R,True,24.546767133824464,False,21.748150404114828,15,True,0.0001176262501537,0.0003627209369506,1.0,1.0,1.0,1.0,19.0,0.0639373750308964,-0.0371395215729364,0.0098726770632903,19.0,0.1121737495493634,0.0444839826037142,0.0104003584898893,True,-21.748150404114828,,3,0.4539734859761327,0.48474855709654185,0.4544232293773002,0.4794459469657657,0.06493506493506493,0.15135089304612714,0.17624336820081443,0.15170103024058165,0.1718192713218695,12
123,124,T,T,T,True,24.490763555267836,False,22.656715251774692,13,True,5.8253431730074155e-05,0.0001541705919674,1.0,1.0,1.0,1.0,19.0,0.0422907400473669,0.0314427869811206,0.0064470722882739,19.0,0.1512686413043502,0.1507987040123002,0.0082413627524783,True,-22.656715251774692,,3,0.41441427017756627,0.440569573526,0.4141627089585719,0.472296461404988,0.012987012987012988,0.1611438428155306,0.1828268460770765,0.16094193903826465,0.21096516940602444,12
124,125,V,V,V,True,24.520541221205427,False,22.631993571048927,19,True,4.758660163341279e-05,0.0001029753262497,1.0,1.0,1.0,1.0,19.0,0.0474800837846438,0.0452846232410082,0.0057386696729845,19.0,0.1765855646625931,0.1765855646625931,0.0076457172803276,True,-22.631993571048927,,3,0.5168639229394021,0.5095125873562572,0.5166554162482797,0.5165576415839928,0.025974025974025976,0.24097289094267757,0.23380954034359774,0.2407682267614745,0.24067228390494763,12
125,126,D,D,D,True,29.969033021829848,False,25.77932002594327,12,True,2.4438269767847796e-05,5.730966902116791e-05,1.0,1.0,1.0,1.0,19.0,0.0971330316858933,0.0971330316858933,0.0054782033159618,19.0,0.3060393817427342,0.3060393817427342,0.0074816434492105,True,-25.77932002594327,,3,0.3965270963093882,0.4075660530688796,0.3960517416938622,0.44206244306275944,0.33766233766233766,0.0034650598105755116,0.0048865294276388095,0.0034093225031566143,0.010899382007619175,12
126,127,T,T,T,True,28.62814301465342,False,24.4837058265288,15,True,6.8239623253433e-05,0.0001373428408669,1.0,1.0,1.0,1.0,19.0,0.0961549922457719,0.0936025785058025,0.0078856098202318,19.0,0.1083982715716444,0.1083982715716444,0.0112702043115856,True,-24.4837058265288,,3,0.4538179827782724,0.47753926760277327,0.45356304892775395,0.5078448107889988,0.33766233766233766,0.013492133892298972,0.01956555552956153,0.013432974871829394,0.028962074159506735,12
127,128,K,K,K,True,33.45951530245972,False,27.676877948930585,9,True,2.0608443792629425e-05,7.604587575148487e-05,1.0,1.0,1.0,1.0,19.0,0.124491182203788,0.124491182203788,0.0064232816903671,19.0,0.0949032435185926,0.0866453636831469,0.0098360613982477,True,-27.676877948930585,,3,0.36697431185885865,0.3842700092671725,0.3664367075046826,0.4264744314103709,0.4675324675324675,0.010111942672477756,0.006932636956379999,0.010220352695595476,0.0016857623302033917,12
128,129,Q,Q,Q,True,29.399219053954727,False,27.085855884575626,11,True,2.8660865519346247e-05,4.6237519542442784e-05,1.0,1.0,1.0,1.0,19.0,0.0838146163315399,-0.0252250621785303,0.020505893126621,19.0,0.1714188059965673,0.1708136346867333,0.0271960379395628,True,-27.085855884575626,,3,0.3807656112691058,0.40104979871579954,0.3802570567929664,0.4435753188258841,0.2077922077922078,0.029919798310381746,0.037348496449590325,0.02974412414085446,0.05559367544871891,12
129,130,A,A,A,True,26.791165729999673,False,24.06201841076513,21,True,2.9483757561947932e-05,0.0001029632815944,1.0,1.0,1.0,1.0,19.0,0.1076672253877763,-0.0171170870832233,0.0148778656495403,19.0,0.38943668367444,0.3849832022760336,0.0208490562173398,True,-24.06201841076513,,3,0.5444465217598964,0.5194389568888562,0.5442961148248473,0.5114534885040916,0.4025974025974026,0.020121172607175355,0.0136519488092427,0.02007852504691618,0.011849647438924442,12
130,131,Q,Q,Q,True,29.662272890954934,False,25.42172403673677,18,True,3.865732447585065e-05,0.0001865007959752,1.0,1.0,1.0,1.0,19.0,0.0598378655712683,0.0173664261737249,0.0169939558704489,19.0,0.2603189116183803,0.2603189116183803,0.0215308506725507,True,-25.42172403673677,,3,0.498976749071224,0.5001422762637917,0.49906268268191434,0.4960024399341272,0.05194805194805195,0.1998346560516407,0.20087806270998762,0.1999114930162781,0.19718429948968783,13
131,132,D,D,D,True,33.49443627519373,False,27.626445102473827,12,True,3.0029609049166064e-05,0.0001202588702133,1.0,1.0,1.0,1.0,19.0,0.1236292286220013,0.123250807221485,0.0087401604304853,19.0,0.3685000747307909,0.3559016882127551,0.0123360638113295,True,-27.626445102473827,,3,0.3965270963093882,0.41347435541004335,0.39622448625997697,0.4420132213009698,0.4675324675324675,0.0050417627425273,0.0029222794862405832,0.005084828193157863,0.0006512319282238098,13
132,133,L,L,L,True,27.07928408887135,False,24.173803300267004,17,True,8.288850024608603e-05,0.000204683868768,1.0,1.0,1.0,1.0,19.0,0.1373919639865012,0.1340527564842616,0.0090723123773471,19.0,0.2676279110878266,0.2671331417100251,0.0120802589798291,True,-24.173803300267004,,3,0.48337076722880196,0.5008353114044803,0.4834371999661057,0.508619266832105,0.5324675324675324,0.0024104923569070124,0.0010005974093817956,0.0024039735052004637,0.000568739773817908,13
133,134,A,A,A,True,27.70338709138577,False,22.60297161879385,18,True,5.5604866941428685e-05,0.0001865224253348,1.0,1.0,1.0,1.0,18.0,0.1405960878727982,4.604493813635817e-05,0.0412319232127097,19.0,0.7563464963918606,0.7563464963918606,0.0445453628174383,True,-22.60297161879385,,4,0.411923079930112,0.4036848212113165,0.41377235782883437,0.39418776461256866,0.6219512195121951,0.04411181941631098,0.04764022062723779,0.04333843845177985,0.05187619138781418,13
134,135,R,R,R,True,33.0052782229493,False,25.41958213661271,13,True,1.894331889049315e-05,9.778957759743892e-05,1.0,1.0,1.0,1.0,19.0,0.0663301258845463,-0.0275047068925015,0.0251830417900725,19.0,0.3603487251401888,0.3452855927551827,0.0336420967166425,True,-25.41958213661271,,4,0.31317668308572527,0.29579751843581237,0.3108715350488224,0.29475217389443237,0.14634146341463414,0.027833990522701232,0.022337112382493453,0.02707014447195113,0.022025738985118493,13
135,136,S,S,S,True,31.502742312822622,False,24.75659615132904,9,True,1.3032935427256584e-05,0.0001242392477403,1.0,1.0,1.0,1.0,19.0,0.0897813019531513,0.0030716714505992,0.0262780483729583,19.0,0.346224729692904,0.3431343416698513,0.0318633525094959,True,-24.75659615132904,,4,0.24280811489444637,0.2357741073609192,0.24229747439245908,0.23405879225693127,0.3048780487804878,0.0038526766926175538,0.0047753547197191696,0.003916328290735596,0.005015367094549304,13
136,137,Y,Y,Y,True,27.66490613049044,False,21.21298753122718,16,True,0.0001828181317477,0.0007093247680272,1.0,1.0,1.0,1.0,19.0,0.0755772258451231,0.0654056025743918,0.0113455488346483,19.0,0.4145015090827166,0.4017600326501811,0.0164942148772553,True,-21.21298753122718,,4,0.3901819658095105,0.4430799556750552,0.40636656191822806,0.41820976974302637,0.24390243902439024,0.021397699956478708,0.03967168313912592,0.02639459122766404,0.03038304554225599,13
137,138,G,G,G,True,30.83537868799117,False,22.555001640434437,13,True,5.902437735901019e-05,0.0001965485179842,1.0,1.0,1.0,1.0,16.0,0.2465818532576338,0.2195902998123829,0.0473773639425643,18.0,0.3970646706239675,0.3970646706239675,0.0364077962793589,True,-22.555001640434437,,4,0.3301433925726798,0.34454711808675703,0.33089984768738695,0.3489444640046677,0.8536585365853658,0.2740681060106234,0.25919443644566553,0.2732766468183339,0.2547362950609942,13
138,139,I,I,I,True,25.202247595361943,False,20.57380397495806,16,True,9.435010805242996e-05,0.0002557819817422,1.0,1.0,1.0,1.0,18.0,0.1563923316145651,0.1448242829549029,0.0282530821385851,19.0,0.4542290199636043,0.4463799982150909,0.0361550009847784,True,-20.57380397495806,,4,0.3901819658095105,0.39887739385623844,0.39269234482404997,0.3952483476679576,0.6585365853658537,0.0720142018372297,0.06742289573542705,0.0706731602292484,0.06932069611006385,13
140,141,F,F,F,True,23.94623242080601,False,20.37786644867416,21,True,0.0001132028437855,0.0003142750327582,1.0,1.0,1.0,1.0,17.0,0.3909983675469148,0.3575772412641135,0.0456705299085266,19.0,0.460729631701431,0.460729631701431,0.0541960452885665,True,-20.37786644867416,,4,0.45294312122335384,0.4578541449788053,0.458115407134307,0.4443170699131786,0.926829268292683,0.22456808038421383,0.2199376662872668,0.21969268364199337,0.23281802158502218,14
141,142,I,I,I,True,20.06249466140146,False,17.832044470559172,20,True,0.0001304447554604,0.0003782277918844,1.0,1.0,1.0,1.0,18.0,0.2805004786970934,0.2319736186613718,0.024572552541717,18.0,0.1855819618998249,0.1451330854280757,0.0298553186638838,True,-17.832044470559172,,4,0.4633835421445779,0.45968707536050785,0.46610054687913527,0.4496514421368858,0.8902439024390244,0.1822097671907047,0.18537918134391962,0.17989758606560255,0.1941217160750916,14
143,144,T,T,T,True,16.826826448403736,False,13.688609498411443,25,True,0.0008421516415719,0.0010839173875717,1.06311,0.9363,1.1022,1.03387,10.0,0.2566494951684491,0.2313184767253793,0.0417802409120538,17.0,0.2050998504147015,0.0794107326857437,0.0212624096674546,True,-13.688609498411443,,4,0.6033708322157583,0.5796435217525584,0.5956960530100811,0.5920693940627865,0.8658536585365854,0.06889723411336948,0.08191624239793142,0.07298513182381428,0.07495782347345906,14
144,145,S,S,S,True,16.408724688840536,False,12.164289539467564,22,True,0.0017794861684865,0.0023752302953236,0.994987,1.03755,1.05005,1.027529,17.0,0.205367705718359,0.0146904402276208,0.0352823684779522,19.0,0.0281015465461415,0.0272342015385371,0.0097206088761104,True,-12.164289539467564,,4,0.6072849645712519,0.5984079277144209,0.6034890080094608,0.6058857976738912,0.7804878048780488,0.029999223890341785,0.033153081667921844,0.03132857409292768,0.030485860919720716,14
148,149,R,R,R,True,11.35237629407814,False,10.848874365573604,18,True,0.0038757733819385,0.0081155758040464,1.0041,1.041,1.01938,1.0214933333333331,15.0,0.0939969367491045,0.0815015260913632,0.0100569416880172,19.0,0.0917352419456449,0.0785503664145444,0.0109221477144098,True,-10.848874365573604,,4,0.5646234653127026,0.6017728259451497,0.57214842422523,0.5960597666460964,0.32926829268292684,0.055392057283591534,0.07425872064846192,0.058990758298006506,0.07117769057944057,14
149,150,Q,Q,Q,True,19.193245737256788,False,14.015903930892222,17,True,0.0004298290265383,0.0007069764255377,0.874958,0.874958,1.0937,0.947872,17.0,0.1081747976390586,0.0886210137767592,0.0285960443918591,19.0,0.0692934992192266,0.0039605366683864,0.0166685849580837,True,-14.015903930892222,,4,0.5090989014804675,0.46412222498467604,0.500124352147618,0.4706231849931273,0.45121951219512196,0.003350023704044577,0.0001664799973297222,0.0023916833707792492,0.00037650251805205126,14
150,151,G,G,G,True,18.018796518897155,False,13.999008536321425,19,True,0.0005010041828941,0.0007377537116703,1.0,1.0,1.0,1.0,19.0,0.111087131817591,-0.0667398796014688,0.0397097097097974,19.0,0.4626220308924038,0.4626220308924038,0.0478272452716807,True,-13.999008536321425,,4,0.5281174334240564,0.4937515515325465,0.5193970289246987,0.5044193325842568,0.45121951219512196,0.005913290289331401,0.0018089743702002297,0.004648173787411722,0.0028302208894362014,15
151,152,V,V,V,True,11.86277278881156,False,10.379323147488954,22,True,0.0028765174769891,0.0043400160076,0.862593,1.07824,1.07824,1.0063576666666667,19.0,0.0708365304077027,-0.064394771631769,0.0147741207994323,19.0,0.3643730854077517,0.3626534842948921,0.0206192038999757,True,-10.379323147488954,,4,0.6276450159555973,0.6264567935981474,0.6278876289649163,0.6251607882956567,0.17073170731707318,0.20876977161100316,0.20768535426589255,0.20899153669768888,0.20650578963903998,15
152,153,D,D,D,True,13.43604102508693,False,10.160711441626512,15,True,0.002293342650006,0.0034002341092789,0.87864,1.04622,1.05975,0.99487,19.0,0.039831698119184,0.0368094957147342,0.0061179554051915,19.0,0.0793581713693527,-0.0223988092772511,0.0111777046106513,True,-10.160711441626512,,4,0.5378475513294027,0.5327698773837646,0.5305289052905497,0.5527964618705299,0.024390243902439025,0.2636384065501474,0.2584498517386069,0.2561763445517486,0.27921313118734153,15
153,154,D,D,D,True,19.53754778872671,False,13.719986807573829,14,True,0.0001585219886315,0.0003977517481645,0.862593,0.862593,1.16599,0.9637253333333334,19.0,0.1091236182651023,0.1055310094264271,0.0077722078413247,19.0,0.2210927757201385,0.22053201380487,0.0122923785926549,True,-13.719986807573829,,4,0.46453554902755934,0.3726810898926318,0.444977753334994,0.3897192224223676,0.45121951219512196,0.00017731683692282874,0.006168283777764281,3.8959553667985825e-05,0.003782285642132753,15
154,155,A,A,A,True,16.52618325035189,False,13.380680887010197,22,True,0.0006443493950863,0.000980753311508,1.0,1.0,1.0,1.0,19.0,0.0912278244630607,-0.0718884864691279,0.0157506564484626,19.0,0.5801198523117874,0.5801198523117874,0.0230134416219788,True,-13.380680887010197,,4,0.5835315712895156,0.5272116507485105,0.5728968497912239,0.5335064698130312,0.3170731707317073,0.0710000792278254,0.04415818078377239,0.06544575476754655,0.04684337295122579,15
155,156,F,F,F,True,11.175870992556314,False,10.911363709454468,23,True,0.0040556021536452,0.0067096303148656,1.0,1.0,1.0,1.0,19.0,0.1495031504335885,0.1354159134305735,0.0196325899883742,19.0,0.537447372315704,0.4978925061422742,0.0287753187684776,True,-10.911363709454468,,4,0.6292864739209048,0.652416299479917,0.6367639107943596,0.6403158144140513,0.6463414634146342,0.0002908726666312206,3.69036332200607e-05,9.172951419412883e-05,3.630844587822557e-05,15
156,157,Y,Y,Y,True,15.394306633954876,False,12.721055420050648,18,True,0.0017892841295197,0.0044737608680659,0.805059,1.08822,1.00632,0.966533,19.0,0.0561941657875082,-0.004248372934001,0.0151782941170034,19.0,0.1057617358010048,-0.0129479996498391,0.0197877147985307,True,-12.721055420050648,,4,0.551050097723139,0.5617908670728646,0.5583136488494469,0.5445717462758408,0.0975609756097561,0.20565238387516668,0.21550939212784956,0.2122930258975213,0.199818629091487,15
157,158,T,T,T,True,21.09659248754358,False,16.01525978559199,19,True,0.0003082891118413,0.0007817604205152,1.0,1.0,1.25,1.0833333333333333,19.0,0.0909399826515603,0.0552899688906798,0.0233862093569919,19.0,0.3786117555210274,0.3786117555210274,0.0339456932389336,True,-16.01525978559199,,4,0.4840039887579747,0.4829115323205431,0.48628499710169126,0.4754233241355717,0.3170731707317073,0.02786589800691879,0.02750236217446945,0.028632642183465593,0.025074771083027383,15
158,159,L,L,L,True,16.57323479369471,False,15.188274490540394,23,True,0.0006127938015238,0.0008407244806759,1.0,1.0,1.0,1.0,19.0,0.1574372955397438,0.154001539157743,0.0153453394947079,19.0,0.5904626709820026,0.5904626709820026,0.0196232259016454,True,-15.188274490540394,,4,0.554632952178305,0.5528447217446839,0.554291344916936,0.5530566488223165,0.6707317073170732,0.01347892094477166,0.013897341367344723,0.01355835799587529,0.013847419391744406,15
159,160,V,V,V,True,15.644421065531064,False,13.582606598146029,24,True,0.0018137459986313,0.0031465468927539,1.0,1.0,1.0,1.0,19.0,0.0948966534906071,0.0582988210623558,0.0195060583581737,19.0,0.624169053458883,0.624169053458883,0.025463756828666,True,-13.582606598146029,,4,0.6010586145300725,0.6232337868099092,0.607958775388026,0.6124547292641574,0.35365853658536583,0.06120679856704692,0.07267081553362514,0.06466861145509,0.06697546934503823,15
160,161,R,R,R,True,21.82483932140877,False,17.1888240726351,14,True,0.0002531866542616,0.0016391740043979,1.0,1.0,1.0,1.0,15.0,0.2317432693305284,0.1585075611180195,0.0668365026516674,18.0,0.0047131505346964,0.0018863170952919,0.006187358900571,True,-17.1888240726351,,4,0.38988202728495946,0.41553998912914164,0.40717429663188565,0.37458736508543217,0.8414634146341463,0.20392574940021632,0.18141076439391726,0.1886070380151815,0.21797324564221338,16
161,162,E,E,E,True,22.338658693420523,False,18.230855245983385,19,True,0.0002354224048637,0.0006560427881174,1.0,1.0,1.0,1.0,19.0,0.1075751387287992,0.0848259926504931,0.0232867749947468,19.0,0.5882450398674884,0.5882450398674884,0.0280680606218303,True,-18.230855245983385,,4,0.44667722788667474,0.4748726073929202,0.45644389507479455,0.45812826937832574,0.43902439024390244,5.856592398663274e-05,0.0012850946727631309,0.00030343914855347347,0.0003649581979826538,16
162,163,I,I,I,True,16.00200810291461,False,15.641163192039144,18,True,0.0010738008948822,0.0013426717114269,1.0,1.0,1.0,1.0,12.0,0.3818873565855684,0.3790247509905476,0.0592244378434278,16.0,0.7200374002329093,0.7177661863645728,0.0519082549421641,True,-15.641163192039144,,4,0.47978991787793007,0.5692148452692174,0.4893275360183664,0.5817030887669619,0.926829268292683,0.19984418081924424,0.12788807555440618,0.19140776574302776,0.11911207979402028,16
163,164,R,R,R,True,18.220173371318097,False,17.832352256502784,12,True,0.0003652182650866,0.0004971074233645,1.0,1.0,1.0,1.0,18.0,0.1282721504022364,-0.0533730665801603,0.0446041360522812,19.0,0.4369258180458485,0.38173741451547,0.0597529494225553,True,-17.832352256502784,,4,0.33976308451125015,0.416894023407562,0.3426513767740005,0.4439982882698945,0.524390243902439,0.03408718798485947,0.011555437420683226,0.033029015825128245,0.006462866530425009,16
164,165,K,K,K,True,24.15481254839044,False,20.651444235210285,8,True,3.840499868782503e-05,0.0002247184032103,1.0,1.0,1.0,1.0,19.0,0.1030678079342416,0.0348543348240651,0.0382436552145892,19.0,0.5129926990260671,0.5129926990260671,0.0424590251248607,True,-20.651444235210285,,4,0.2532485358156705,0.25234122501556067,0.25301745755612304,0.252625460466929,0.4268292682926829,0.030130270687256162,0.030446077246678888,0.030210545551521712,0.030346966660992195,16
165,166,H,H,H,True,19.87864659443603,False,18.16754256909833,11,True,0.0001961010180588,0.0004428371653766,1.0,1.0,1.0,1.0,19.0,0.0708526895433619,0.0569600077362441,0.0122887128191058,19.0,0.333106603566132,0.333106603566132,0.0194546734305898,True,-18.16754256909833,,4,0.3150389929845846,0.3582391762889805,0.3157736680179051,0.37612174549416466,0.17073170731707318,0.020824592696724747,0.03515905092025078,0.021037170363941662,0.04218506778238709,16
